ID_code,AC(v8.5),diff%_AC(v8.5),AH(v8.5),diff%_AH(v8.5),AT(v8.5),diff%_AT(v8.5),AC(v8.7),diff%_AC(v8.7),AH(v8.7),diff%_AH(v8.7),AT(v8.7),diff%_AT(v8.7),AC(v22.2),diff%_AC(v22.2),AH(v22.2),diff%_AH(v22.2),AT(v22.2),diff%_AT(v22.2),DeltaAC%(v8.7-22.2),DeltaAH%(v8.7-22.2),DeltaAT%(v8.7-22.2)
B2_O_L1_Base_S_0.12_5.9_TS1,2736.52,0.0,916.57,0.0,3653.09,0.0,2734.61,0.0,915.81,0.0,3650.42,0.0,2738.41,0.0,914.69,0.0,3653.1,0.0,0.14,-0.12,0.07
B2_O_L2_Base_S_0.12_5.9_TS1,683.44,0.0,3783.17,0.0,4466.610000000001,0.0,681.78,0.0,3780.43,0.0,4462.21,0.0,681.14,0.0,3795.77,0.0,4476.91,0.0,-0.09,0.41,0.33
B2_O_L1_DG_E_0.2_0.8_TS2,2616.41,-4.39,895.45,-2.3,3511.86,-3.87,2614.24,-4.4,893.23,-2.47,3507.47,-3.92,2616.5,-4.45,889.87,-2.71,3506.37,-4.02,0.09,-0.38,-0.03
B2_O_L1_DG_E_0.2_0.8_TS3,2640.41,-3.51,881.93,-3.78,3522.34,-3.58,2638.25,-3.52,882.71,-3.61,3520.96,-3.55,2641.44,-3.54,875.07,-4.33,3516.51,-3.74,0.12,-0.87,-0.13
B2_O_L1_DG_E_0.2_2.3_TS2,2663.28,-2.68,884.24,-3.53,3547.5200000000004,-2.89,2661.11,-2.69,883.85,-3.49,3544.96,-2.89,2663.74,-2.73,879.21,-3.88,3542.95,-3.02,0.1,-0.52,-0.06
B2_O_L1_DG_E_0.2_2.3_TS3,2686.18,-1.84,866.33,-5.48,3552.51,-2.75,2683.98,-1.85,866.15,-5.42,3550.13,-2.75,2686.49,-1.9,859.27,-6.06,3545.76,-2.94,0.09,-0.79,-0.12
B2_O_L1_DG_E_0.6_0.8_TS2,2771.57,1.28,814.01,-11.19,3585.58,-1.85,2769.15,1.26,815.1,-11.0,3584.25,-1.81,2772.73,1.25,811.13,-11.32,3583.86,-1.9,0.13,-0.49,-0.01
B2_O_L1_DG_E_0.6_0.8_TS3,2785.92,1.81,800.3,-12.69,3586.2200000000003,-1.83,2783.21,1.78,800.53,-12.59,3583.74,-1.83,2785.17,1.71,797.19,-12.85,3582.36,-1.94,0.07,-0.42,-0.04
B2_O_L1_DG_E_0.6_2.3_TS2,2887.37,5.51,785.51,-14.3,3672.88,0.54,2884.88,5.5,782.26,-14.58,3667.14,0.46,2888.39,5.48,780.37,-14.68,3668.76,0.43,0.12,-0.24,0.04
B2_O_L1_DG_E_0.6_2.3_TS3,2888.03,5.54,763.95,-16.65,3651.980000000001,-0.03,2884.8,5.49,763.1,-16.67,3647.9,-0.07,2887.84,5.46,758.98,-17.02,3646.82,-0.17,0.11,-0.54,-0.03
B2_O_L1_DG_S_0.2_0.8_TS2,2660.47,-2.78,914.67,-0.21,3575.14,-2.13,2658.94,-2.77,913.9,-0.21,3572.84,-2.13,2660.96,-2.83,909.97,-0.52,3570.9300000000003,-2.25,0.08,-0.43,-0.05
B2_O_L1_DG_S_0.2_0.8_TS3,2681.64,-2.01,901.71,-1.62,3583.35,-1.91,2679.93,-2.0,901.06,-1.61,3580.99,-1.9,2682.42,-2.04,896.68,-1.97,3579.1,-2.03,0.09,-0.49,-0.05
B2_O_L1_DG_S_0.2_2.3_TS2,2692.3,-1.62,882.49,-3.72,3574.79,-2.14,2690.6,-1.61,882.9,-3.59,3573.5,-2.11,2693.11,-1.65,882.29,-3.54,3575.4,-2.13,0.09,-0.07,0.05
B2_O_L1_DG_S_0.2_2.3_TS3,2709.44,-0.99,868.34,-5.26,3577.78,-2.06,2707.42,-0.99,871.37,-4.85,3578.79,-1.96,2709.88,-1.04,866.77,-5.24,3576.65,-2.09,0.09,-0.53,-0.06
B2_O_L1_DG_S_0.6_0.8_TS2,2771.84,1.29,785.41,-14.31,3557.25,-2.62,2770.08,1.3,785.52,-14.23,3555.6,-2.6,2772.62,1.25,784.55,-14.23,3557.17,-2.63,0.09,-0.12,0.04
B2_O_L1_DG_S_0.6_0.8_TS3,2782.45,1.68,783.29,-14.54,3565.74,-2.39,2780.43,1.68,781.94,-14.62,3562.37,-2.41,2782.26,1.6,777.17,-15.03,3559.4300000000003,-2.56,0.07,-0.61,-0.08
B2_O_L1_DG_S_0.6_2.3_TS2,2837.27,3.68,725.19,-20.88,3562.46,-2.48,2835.01,3.67,724.43,-20.9,3559.44,-2.49,2838.87,3.67,721.79,-21.09,3560.66,-2.53,0.14,-0.36,0.03
B2_O_L1_DG_S_0.6_2.3_TS3,2833.24,3.53,726.1,-20.78,3559.34,-2.57,2830.55,3.51,727.8,-20.53,3558.3500000000004,-2.52,2833.59,3.48,722.55,-21.01,3556.1400000000003,-2.65,0.11,-0.72,-0.06
B2_O_L1_DG_W_0.2_0.8_TS2,2617.8,-4.34,864.33,-5.7,3482.13,-4.68,2616.2,-4.33,863.46,-5.72,3479.66,-4.68,2617.9,-4.4,858.26,-6.17,3476.16,-4.84,0.06,-0.6,-0.1
B2_O_L1_DG_W_0.2_0.8_TS3,2638.8,-3.57,848.28,-7.45,3487.08,-4.54,2636.92,-3.57,848.62,-7.34,3485.54,-4.52,2639.01,-3.63,846.92,-7.41,3485.9300000000003,-4.58,0.08,-0.2,0.01
B2_O_L1_DG_W_0.2_2.3_TS2,2656.48,-2.92,855.09,-6.71,3511.57,-3.87,2654.63,-2.92,854.84,-6.66,3509.4700000000003,-3.86,2656.81,-2.98,850.71,-6.99,3507.52,-3.99,0.08,-0.48,-0.06
B2_O_L1_DG_W_0.2_2.3_TS3,2671.94,-2.36,840.23,-8.33,3512.17,-3.86,2669.88,-2.37,836.81,-8.63,3506.69,-3.94,2672.03,-2.42,835.28,-8.68,3507.3100000000004,-3.99,0.08,-0.18,0.02
B2_O_L1_DG_W_0.6_0.8_TS2,2728.72,-0.29,782.98,-14.57,3511.7,-3.87,2726.8,-0.29,785.74,-14.2,3512.54,-3.78,2729.01,-0.34,782.78,-14.42,3511.79,-3.87,0.08,-0.38,-0.02
B2_O_L1_DG_W_0.6_0.8_TS3,2738.85,0.09,777.64,-15.16,3516.49,-3.74,2736.82,0.08,775.48,-15.32,3512.3,-3.78,2739.21,0.03,771.84,-15.62,3511.05,-3.89,0.09,-0.47,-0.04
B2_O_L1_DG_W_0.6_2.3_TS2,2832.76,3.52,768.18,-16.19,3600.94,-1.43,2830.36,3.5,769.33,-15.99,3599.69,-1.39,2833.59,3.48,762.69,-16.62,3596.28,-1.56,0.11,-0.86,-0.09
B2_O_L1_DG_W_0.6_2.3_TS3,2815.74,2.89,757.9,-17.31,3573.64,-2.17,2813.1,2.87,756.69,-17.37,3569.79,-2.21,2815.86,2.83,754.62,-17.5,3570.48,-2.26,0.1,-0.27,0.02
B2_O_L2_DG_E_0.2_0.8_TS2,642.0,-6.06,3757.12,-0.69,4399.12,-1.51,640.22,-6.1,3757.98,-0.59,4398.2,-1.43,639.03,-6.18,3768.4,-0.72,4407.43,-1.55,-0.19,0.28,0.21
B2_O_L2_DG_E_0.2_0.8_TS3,670.95,-1.83,3611.2,-4.55,4282.15,-4.13,669.1,-1.86,3610.15,-4.5,4279.25,-4.1,668.3,-1.89,3618.33,-4.67,4286.63,-4.25,-0.12,0.23,0.17
B2_O_L2_DG_E_0.2_1.0_TS2,641.35,-6.16,3762.1,-0.56,4403.45,-1.41,639.55,-6.19,3767.32,-0.35,4406.87,-1.24,638.72,-6.23,3768.53,-0.72,4407.25,-1.56,-0.13,0.03,0.01
B2_O_L2_DG_E_0.2_1.0_TS3,670.24,-1.93,3621.34,-4.28,4291.58,-3.92,668.39,-1.96,3618.45,-4.28,4286.84,-3.93,667.56,-1.99,3626.36,-4.46,4293.92,-4.09,-0.12,0.22,0.17
B2_O_L2_DG_E_0.6_0.8_TS2,702.07,2.73,3580.69,-5.35,4282.76,-4.12,700.06,2.68,3582.04,-5.25,4282.1,-4.04,699.78,2.74,3591.75,-5.37,4291.53,-4.14,-0.04,0.27,0.22
B2_O_L2_DG_E_0.6_0.8_TS3,733.73,7.36,3437.82,-9.13,4171.55,-6.61,731.8,7.34,3434.81,-9.14,4166.61,-6.62,731.12,7.34,3443.27,-9.29,4174.39,-6.76,-0.09,0.25,0.19
B2_O_L2_DG_E_0.6_1.0_TS2,699.26,2.31,3609.05,-4.6,4308.31,-3.54,697.39,2.29,3612.98,-4.43,4310.37,-3.4,696.02,2.18,3616.07,-4.73,4312.09,-3.68,-0.2,0.09,0.04
B2_O_L2_DG_E_0.6_1.0_TS3,730.3,6.86,3462.53,-8.48,4192.83,-6.13,728.35,6.83,3464.73,-8.35,4193.08,-6.03,726.96,6.73,3469.06,-8.61,4196.02,-6.27,-0.19,0.12,0.07
B2_O_L2_DG_S_0.2_0.8_TS2,652.48,-4.53,3781.83,-0.04,4434.31,-0.72,650.64,-4.57,3781.08,0.02,4431.72,-0.68,649.27,-4.68,3792.54,-0.09,4441.81,-0.78,-0.21,0.3,0.23
B2_O_L2_DG_S_0.2_0.8_TS3,682.31,-0.17,3637.35,-3.85,4319.66,-3.29,680.48,-0.19,3638.46,-3.76,4318.9400000000005,-3.21,679.31,-0.27,3641.16,-4.07,4320.469999999999,-3.49,-0.17,0.07,0.04
B2_O_L2_DG_S_0.2_1.0_TS2,651.69,-4.65,3791.68,0.22,4443.37,-0.52,649.79,-4.69,3788.11,0.2,4437.9,-0.54,648.68,-4.77,3797.31,0.04,4445.99,-0.69,-0.17,0.24,0.18
B2_O_L2_DG_S_0.2_1.0_TS3,681.32,-0.31,3644.91,-3.65,4326.23,-3.14,679.53,-0.33,3640.14,-3.71,4319.67,-3.19,678.37,-0.41,3652.74,-3.77,4331.11,-3.26,-0.17,0.35,0.26
B2_O_L2_DG_S_0.6_0.8_TS2,718.26,5.09,3506.29,-7.32,4224.55,-5.42,716.61,5.11,3510.97,-7.13,4227.58,-5.26,715.93,5.11,3517.0,-7.34,4232.93,-5.45,-0.09,0.17,0.13
B2_O_L2_DG_S_0.6_0.8_TS3,750.34,9.79,3380.41,-10.65,4130.75,-7.52,748.45,9.78,3381.14,-10.56,4129.59,-7.45,747.47,9.74,3385.51,-10.81,4132.9800000000005,-7.68,-0.13,0.13,0.08
B2_O_L2_DG_S_0.6_1.0_TS2,715.04,4.62,3537.02,-6.51,4252.06,-4.8,713.38,4.63,3539.71,-6.37,4253.09,-4.69,712.39,4.59,3542.78,-6.67,4255.17,-4.95,-0.14,0.09,0.05
B2_O_L2_DG_S_0.6_1.0_TS3,745.96,9.15,3406.81,-9.95,4152.77,-7.03,744.0,9.13,3406.85,-9.88,4150.85,-6.98,742.82,9.06,3408.97,-10.19,4151.79,-7.26,-0.16,0.06,0.02
B2_O_L2_DG_W_0.2_0.8_TS2,646.31,-5.43,3724.85,-1.54,4371.16,-2.14,644.42,-5.48,3721.0,-1.57,4365.42,-2.17,643.16,-5.58,3729.03,-1.76,4372.1900000000005,-2.34,-0.2,0.22,0.16
B2_O_L2_DG_W_0.2_0.8_TS3,672.78,-1.56,3580.24,-5.36,4253.02,-4.78,670.98,-1.58,3577.94,-5.36,4248.92,-4.78,669.84,-1.66,3586.92,-5.5,4256.76,-4.92,-0.17,0.25,0.18
B2_O_L2_DG_W_0.2_1.0_TS2,646.1,-5.46,3729.54,-1.42,4375.64,-2.04,644.22,-5.51,3731.18,-1.3,4375.4,-1.95,643.07,-5.59,3740.49,-1.46,4383.56,-2.09,-0.18,0.25,0.19
B2_O_L2_DG_W_0.2_1.0_TS3,672.15,-1.65,3584.71,-5.25,4256.86,-4.7,670.29,-1.69,3590.46,-5.03,4260.75,-4.51,669.54,-1.7,3594.22,-5.31,4263.76,-4.76,-0.11,0.1,0.07
B2_O_L2_DG_W_0.6_0.8_TS2,689.96,0.95,3564.16,-5.79,4254.12,-4.76,688.42,0.97,3566.39,-5.66,4254.81,-4.65,687.64,0.95,3571.97,-5.9,4259.61,-4.85,-0.11,0.16,0.11
B2_O_L2_DG_W_0.6_0.8_TS3,718.79,5.17,3426.85,-9.42,4145.639999999999,-7.19,716.62,5.11,3430.19,-9.26,4146.81,-7.07,715.47,5.04,3432.48,-9.57,4147.95,-7.35,-0.16,0.07,0.03
B2_O_L2_DG_W_0.6_1.0_TS2,687.51,0.6,3588.99,-5.13,4276.5,-4.26,686.18,0.65,3589.38,-5.05,4275.56,-4.18,685.59,0.65,3600.4,-5.15,4285.99,-4.26,-0.09,0.31,0.24
B2_O_L2_DG_W_0.6_1.0_TS3,716.2,4.79,3456.49,-8.64,4172.69,-6.58,714.39,4.78,3454.16,-8.63,4168.55,-6.58,712.94,4.67,3460.07,-8.84,4173.01,-6.79,-0.2,0.17,0.11
B2_O_L1_DS_E_0.2_0.8_TS2,2831.06,3.45,771.86,-15.79,3602.92,-1.37,2828.08,3.42,770.58,-15.86,3598.66,-1.42,2830.43,3.36,764.11,-16.46,3594.54,-1.6,0.08,-0.84,-0.11
B2_O_L1_DS_E_0.2_2.3_TS2,2915.02,6.52,741.7,-19.08,3656.72,0.1,2911.04,6.45,739.64,-19.24,3650.68,0.01,2916.31,6.5,735.82,-19.56,3652.13,-0.03,0.18,-0.52,0.04
B2_O_L1_DS_E_0.6_0.8_TS2,3043.52,11.22,691.5,-24.56,3735.02,2.24,3041.79,11.23,694.27,-24.19,3736.06,2.35,3044.26,11.17,686.89,-24.9,3731.15,2.14,0.08,-1.06,-0.13
B2_O_L1_DS_E_0.6_2.3_TS2,3169.45,15.82,663.46,-27.61,3832.91,4.92,3163.46,15.68,664.87,-27.4,3828.33,4.87,3170.63,15.78,657.23,-28.15,3827.86,4.78,0.23,-1.15,-0.01
B2_O_L1_DS_S_0.2_0.8_TS2,2938.2,7.37,779.53,-14.95,3717.73,1.77,2935.51,7.35,779.45,-14.89,3714.96,1.77,2938.29,7.3,774.27,-15.35,3712.56,1.63,0.09,-0.66,-0.06
B2_O_L1_DS_S_0.2_2.3_TS2,3051.58,11.51,750.49,-18.12,3802.07,4.08,3047.77,11.45,749.02,-18.21,3796.79,4.01,3053.16,11.49,746.11,-18.43,3799.27,4.0,0.18,-0.39,0.07
B2_O_L1_DS_S_0.6_0.8_TS2,3119.52,14.0,690.36,-24.68,3809.88,4.29,3116.69,13.97,691.22,-24.52,3807.91,4.31,3118.7,13.89,686.07,-24.99,3804.77,4.15,0.06,-0.75,-0.08
B2_O_L1_DS_S_0.6_2.3_TS2,3252.35,18.85,654.15,-28.63,3906.5,6.94,3247.23,18.75,651.64,-28.85,3898.87,6.81,3253.41,18.81,646.11,-29.36,3899.52,6.75,0.19,-0.85,0.02
B2_O_L1_DS_W_0.2_0.8_TS2,2812.1,2.76,745.04,-18.71,3557.14,-2.63,2809.48,2.74,740.04,-19.19,3549.52,-2.76,2812.18,2.69,736.37,-19.5,3548.55,-2.86,0.1,-0.5,-0.03
B2_O_L1_DS_W_0.2_2.3_TS2,2890.27,5.62,719.87,-21.46,3610.14,-1.18,2887.39,5.59,718.94,-21.5,3606.33,-1.21,2892.23,5.62,716.02,-21.72,3608.25,-1.23,0.17,-0.41,0.05
B2_O_L1_DS_W_0.6_0.8_TS2,2983.03,9.01,676.09,-26.24,3659.12,0.17,2980.52,8.99,677.96,-25.97,3658.48,0.22,2982.79,8.92,672.78,-26.45,3655.57,0.07,0.08,-0.76,-0.08
B2_O_L1_DS_W_0.6_2.3_TS2,3102.5,13.37,652.68,-28.79,3755.18,2.79,3099.14,13.33,651.98,-28.81,3751.12,2.76,3104.28,13.36,646.89,-29.28,3751.17,2.68,0.17,-0.78,0.0
B2_O_L2_DS_E_0.2_0.8_TS2,736.82,7.81,3650.58,-3.5,4387.4,-1.77,734.76,7.77,3653.4,-3.36,4388.16,-1.66,734.3,7.8,3659.63,-3.59,4393.93,-1.85,-0.06,0.17,0.13
B2_O_L2_DS_E_0.2_1.0_TS2,734.7,7.5,3674.76,-2.87,4409.46,-1.28,730.91,7.21,3680.92,-2.63,4411.83,-1.13,729.52,7.1,3688.94,-2.81,4418.46,-1.31,-0.19,0.22,0.15
B2_O_L2_DS_E_0.6_0.8_TS2,848.64,24.17,3497.28,-7.56,4345.92,-2.7,847.02,24.24,3498.94,-7.45,4345.96,-2.61,845.38,24.11,3500.21,-7.79,4345.59,-2.93,-0.19,0.04,-0.01
B2_O_L2_DS_E_0.6_1.0_TS2,837.05,22.48,3549.98,-6.16,4387.03,-1.78,835.6,22.56,3547.89,-6.15,4383.49,-1.76,833.85,22.42,3550.27,-6.47,4384.12,-2.07,-0.21,0.07,0.01
B2_O_L2_DS_S_0.2_0.8_TS2,769.61,12.61,3659.63,-3.27,4429.24,-0.84,766.89,12.48,3658.9,-3.21,4425.79,-0.82,765.57,12.4,3661.28,-3.54,4426.85,-1.12,-0.17,0.07,0.02
B2_O_L2_DS_S_0.2_1.0_TS2,765.13,11.95,3674.36,-2.88,4439.49,-0.61,761.46,11.69,3685.19,-2.52,4446.65,-0.35,760.18,11.6,3691.38,-2.75,4451.56,-0.57,-0.17,0.17,0.11
B2_O_L2_DS_S_0.6_0.8_TS2,897.53,31.33,3446.27,-8.91,4343.8,-2.75,895.87,31.4,3449.81,-8.75,4345.68,-2.61,893.36,31.16,3450.11,-9.11,4343.47,-2.98,-0.28,0.01,-0.05
B2_O_L2_DS_S_0.6_1.0_TS2,885.31,29.54,3494.33,-7.63,4379.639999999999,-1.95,883.75,29.62,3496.67,-7.51,4380.42,-1.83,881.83,29.46,3500.22,-7.79,4382.05,-2.12,-0.22,0.1,0.04
B2_O_L2_DS_W_0.2_0.8_TS2,731.8,7.08,3626.34,-4.15,4358.14,-2.43,730.17,7.1,3622.86,-4.17,4353.03,-2.45,728.7,6.98,3629.56,-4.38,4358.26,-2.65,-0.2,0.18,0.12
B2_O_L2_DS_W_0.2_1.0_TS2,728.48,6.59,3646.29,-3.62,4374.77,-2.06,725.48,6.41,3657.33,-3.26,4382.81,-1.78,725.18,6.47,3660.57,-3.56,4385.75,-2.04,-0.04,0.09,0.07
B2_O_L2_DS_W_0.6_0.8_TS2,828.86,21.28,3486.25,-7.85,4315.11,-3.39,826.11,21.17,3484.42,-7.83,4310.53,-3.4,824.86,21.1,3491.68,-8.01,4316.54,-3.58,-0.15,0.21,0.14
B2_O_L2_DS_W_0.6_1.0_TS2,819.24,19.87,3536.97,-6.51,4356.21,-2.47,817.05,19.84,3535.6,-6.48,4352.65,-2.46,815.43,19.72,3538.43,-6.78,4353.86,-2.75,-0.2,0.08,0.03
B2_O_L1_MW_E_0.2_0.8_TS2,2789.21,1.93,859.71,-6.2,3648.92,-0.11,2757.88,0.85,874.14,-4.55,3632.02,-0.5,2761.68,0.85,868.12,-5.09,3629.8,-0.64,0.14,-0.69,-0.06
B2_O_L1_MW_E_0.2_0.8_TS3,2757.19,0.76,862.52,-5.9,3619.71,-0.91,2744.41,0.36,874.45,-4.52,3618.86,-0.86,2747.95,0.35,869.75,-4.91,3617.7,-0.97,0.13,-0.54,-0.03
B2_O_L1_MW_E_0.2_2.3_TS2,2778.52,1.53,872.56,-4.8,3651.08,-0.06,2775.97,1.51,870.92,-4.9,3646.89,-0.1,2779.93,1.52,866.93,-5.22,3646.86,-0.17,0.14,-0.46,-0.0
B2_O_L1_MW_E_0.2_2.3_TS3,2746.12,0.35,872.43,-4.82,3618.55,-0.95,2743.88,0.34,875.06,-4.45,3618.94,-0.86,2747.82,0.34,867.58,-5.15,3615.4,-1.03,0.14,-0.85,-0.1
B2_O_L1_MW_E_0.6_0.8_TS2,2952.04,7.88,794.99,-13.26,3747.03,2.57,2873.42,5.08,831.31,-9.23,3704.73,1.49,2877.1,5.06,826.16,-9.68,3703.26,1.37,0.13,-0.62,-0.04
B2_O_L1_MW_E_0.6_0.8_TS3,2852.3,4.23,808.28,-11.81,3660.58,0.21,2819.44,3.1,840.02,-8.28,3659.46,0.25,2822.83,3.08,828.13,-9.46,3650.96,-0.06,0.12,-1.42,-0.23
B2_O_L1_MW_E_0.6_2.3_TS2,2926.6,6.95,831.63,-9.27,3758.23,2.88,2923.87,6.92,831.06,-9.25,3754.93,2.86,2926.96,6.89,826.89,-9.6,3753.85,2.76,0.11,-0.5,-0.03
B2_O_L1_MW_E_0.6_2.3_TS3,2829.67,3.4,838.81,-8.48,3668.48,0.42,2827.03,3.38,835.56,-8.76,3662.59,0.33,2830.48,3.36,832.6,-8.97,3663.08,0.27,0.12,-0.35,0.01
B2_O_L1_MW_S_0.2_0.8_TS2,2824.42,3.21,850.19,-7.24,3674.61,0.59,2798.22,2.33,868.63,-5.15,3666.85,0.45,2801.44,2.3,868.74,-5.02,3670.18,0.47,0.12,0.01,0.09
B2_O_L1_MW_S_0.2_0.8_TS3,2792.07,2.03,869.91,-5.09,3661.98,0.24,2779.83,1.65,874.46,-4.52,3654.29,0.11,2783.67,1.65,872.96,-4.56,3656.63,0.1,0.14,-0.17,0.06
B2_O_L1_MW_S_0.2_2.3_TS2,2811.68,2.75,868.24,-5.27,3679.92,0.73,2809.71,2.75,867.72,-5.25,3677.43,0.74,2813.56,2.74,863.19,-5.63,3676.75,0.65,0.14,-0.52,-0.02
B2_O_L1_MW_S_0.2_2.3_TS3,2780.47,1.61,878.9,-4.11,3659.37,0.17,2778.6,1.61,882.52,-3.64,3661.12,0.29,2782.43,1.61,879.54,-3.84,3661.97,0.24,0.14,-0.34,0.02
B2_O_L1_MW_S_0.6_0.8_TS2,2979.51,8.88,779.74,-14.93,3759.25,2.91,2897.48,5.96,820.65,-10.39,3718.13,1.85,2900.63,5.92,817.65,-10.61,3718.28,1.78,0.11,-0.37,0.0
B2_O_L1_MW_S_0.6_0.8_TS3,2875.06,5.06,821.04,-10.42,3696.1,1.18,2844.45,4.02,837.97,-8.5,3682.42,0.88,2848.21,4.01,836.53,-8.54,3684.74,0.87,0.13,-0.17,0.06
B2_O_L1_MW_S_0.6_2.3_TS2,2942.36,7.52,811.13,-11.5,3753.49,2.75,2940.34,7.52,808.66,-11.7,3749.0,2.7,2943.55,7.49,806.87,-11.79,3750.42,2.66,0.11,-0.22,0.04
B2_O_L1_MW_S_0.6_2.3_TS3,2845.41,3.98,848.77,-7.4,3694.18,1.12,2843.28,3.97,848.62,-7.34,3691.9,1.14,2846.84,3.96,846.5,-7.45,3693.34,1.1,0.13,-0.25,0.04
B2_O_L1_MW_W_0.2_0.8_TS2,2781.76,1.65,822.8,-10.23,3604.56,-1.33,2759.43,0.91,836.37,-8.67,3595.8,-1.5,2762.89,0.89,835.45,-8.66,3598.34,-1.5,0.13,-0.11,0.07
B2_O_L1_MW_W_0.2_0.8_TS3,2741.07,0.17,828.0,-9.66,3569.07,-2.3,2727.68,-0.25,837.69,-8.53,3565.37,-2.33,2731.37,-0.26,838.9,-8.29,3570.27,-2.27,0.14,0.14,0.14
B2_O_L1_MW_W_0.2_2.3_TS2,2771.84,1.29,839.3,-8.43,3611.14,-1.15,2769.9,1.29,837.94,-8.5,3607.84,-1.17,2773.42,1.28,835.66,-8.64,3609.08,-1.21,0.13,-0.27,0.03
B2_O_L1_MW_W_0.2_2.3_TS3,2728.46,-0.29,843.81,-7.94,3572.27,-2.21,2726.46,-0.3,843.43,-7.9,3569.89,-2.21,2730.28,-0.3,840.71,-8.09,3570.99,-2.25,0.14,-0.32,0.03
B2_O_L1_MW_W_0.6_0.8_TS2,2937.56,7.35,765.82,-16.45,3703.38,1.38,2872.31,5.04,801.03,-12.53,3673.34,0.63,2875.52,5.01,799.63,-12.58,3675.15,0.6,0.11,-0.17,0.05
B2_O_L1_MW_W_0.6_0.8_TS3,2818.27,2.99,786.03,-14.24,3604.3,-1.34,2785.77,1.87,808.2,-11.75,3593.9700000000003,-1.55,2788.7,1.84,805.63,-11.92,3594.33,-1.61,0.11,-0.32,0.01
B2_O_L1_MW_W_0.6_2.3_TS2,2902.05,6.05,806.92,-11.96,3708.97,1.53,2900.1,6.05,805.39,-12.06,3705.49,1.51,2903.19,6.02,799.5,-12.59,3702.69,1.36,0.11,-0.73,-0.08
B2_O_L1_MW_W_0.6_2.3_TS3,2784.92,1.77,820.62,-10.47,3605.54,-1.3,2782.6,1.75,821.18,-10.33,3603.78,-1.28,2786.18,1.74,816.51,-10.73,3602.69,-1.38,0.13,-0.57,-0.03
B2_O_L2_MW_E_0.2_0.8_TS2,704.49,3.08,3711.53,-1.89,4416.02,-1.13,689.91,1.19,3738.45,-1.11,4428.36,-0.76,689.25,1.19,3747.62,-1.27,4436.87,-0.89,-0.1,0.25,0.19
B2_O_L2_MW_E_0.2_0.8_TS3,693.54,1.48,3702.69,-2.13,4396.23,-1.58,685.49,0.54,3720.07,-1.6,4405.56,-1.27,684.88,0.55,3730.14,-1.73,4415.02,-1.38,-0.09,0.27,0.21
B2_O_L2_MW_E_0.2_1.0_TS2,704.71,3.11,3732.15,-1.35,4436.860000000001,-0.67,689.33,1.11,3739.76,-1.08,4429.09,-0.74,688.75,1.12,3748.49,-1.25,4437.24,-0.89,-0.08,0.23,0.18
B2_O_L2_MW_E_0.2_1.0_TS3,690.96,1.1,3715.86,-1.78,4406.82,-1.34,685.71,0.58,3724.93,-1.47,4410.639999999999,-1.16,685.31,0.61,3731.39,-1.7,4416.7,-1.34,-0.06,0.17,0.14
B2_O_L2_MW_E_0.6_0.8_TS2,782.92,14.56,3601.87,-4.79,4384.79,-1.83,732.05,7.37,3676.49,-2.75,4408.54,-1.2,731.26,7.36,3684.69,-2.93,4415.95,-1.36,-0.11,0.22,0.17
B2_O_L2_MW_E_0.6_0.8_TS3,745.74,9.12,3571.72,-5.59,4317.46,-3.34,721.69,5.85,3635.3,-3.84,4356.99,-2.36,720.79,5.82,3643.9,-4.0,4364.6900000000005,-2.51,-0.12,0.24,0.18
B2_O_L2_MW_E_0.6_1.0_TS2,781.68,14.37,3647.8,-3.58,4429.4800000000005,-0.83,728.85,6.9,3690.01,-2.39,4418.860000000001,-0.97,728.09,6.89,3696.74,-2.61,4424.83,-1.16,-0.1,0.18,0.14
B2_O_L2_MW_E_0.6_1.0_TS3,736.3,7.73,3613.84,-4.48,4350.14,-2.61,720.49,5.68,3643.61,-3.62,4364.1,-2.2,719.61,5.65,3652.93,-3.76,4372.54,-2.33,-0.12,0.26,0.19
B2_O_L2_MW_S_0.2_0.8_TS2,710.89,4.02,3687.23,-2.54,4398.12,-1.53,695.81,2.06,3727.78,-1.39,4423.59,-0.87,695.29,2.08,3736.98,-1.55,4432.27,-1.0,-0.07,0.25,0.2
B2_O_L2_MW_S_0.2_0.8_TS3,701.21,2.6,3693.58,-2.37,4394.79,-1.61,692.91,1.63,3721.0,-1.57,4413.91,-1.08,692.25,1.63,3730.97,-1.71,4423.219999999999,-1.2,-0.1,0.27,0.21
B2_O_L2_MW_S_0.2_1.0_TS2,710.21,3.92,3702.1,-2.14,4412.31,-1.22,695.09,1.95,3733.0,-1.25,4428.09,-0.76,694.36,1.94,3742.39,-1.41,4436.75,-0.9,-0.11,0.25,0.2
B2_O_L2_MW_S_0.2_1.0_TS3,699.24,2.31,3708.56,-1.97,4407.8,-1.32,692.09,1.51,3725.98,-1.44,4418.07,-0.99,691.5,1.52,3735.71,-1.58,4427.21,-1.11,-0.09,0.26,0.21
B2_O_L2_MW_S_0.6_0.8_TS2,789.34,15.5,3496.49,-7.58,4285.83,-4.05,736.41,8.01,3616.03,-4.35,4352.4400000000005,-2.46,735.53,7.99,3625.85,-4.48,4361.38,-2.58,-0.12,0.27,0.21
B2_O_L2_MW_S_0.6_0.8_TS3,746.73,9.26,3531.5,-6.65,4278.23,-4.22,724.98,6.34,3609.92,-4.51,4334.9,-2.85,724.05,6.3,3621.21,-4.6,4345.26,-2.94,-0.13,0.31,0.24
B2_O_L2_MW_S_0.6_1.0_TS2,786.37,15.06,3538.16,-6.48,4324.53,-3.18,732.11,7.38,3629.86,-3.98,4361.97,-2.25,731.25,7.36,3639.57,-4.12,4370.82,-2.37,-0.12,0.27,0.2
B2_O_L2_MW_S_0.6_1.0_TS3,738.16,8.01,3574.35,-5.52,4312.51,-3.45,722.1,5.91,3619.68,-4.25,4341.78,-2.7,721.44,5.92,3630.25,-4.36,4351.6900000000005,-2.8,-0.09,0.29,0.23
B2_O_L2_MW_W_0.2_0.8_TS2,700.87,2.55,3685.58,-2.58,4386.45,-1.79,687.83,0.89,3709.3,-1.88,4397.13,-1.46,687.08,0.87,3719.16,-2.02,4406.24,-1.58,-0.11,0.27,0.21
B2_O_L2_MW_W_0.2_0.8_TS3,689.64,0.91,3673.48,-2.9,4363.12,-2.32,681.56,-0.03,3693.58,-2.3,4375.139999999999,-1.95,680.85,-0.04,3702.02,-2.47,4382.87,-2.1,-0.1,0.23,0.18
B2_O_L2_MW_W_0.2_1.0_TS2,700.16,2.45,3703.5,-2.11,4403.66,-1.41,686.72,0.72,3711.82,-1.81,4398.54,-1.43,686.05,0.72,3723.28,-1.91,4409.33,-1.51,-0.1,0.31,0.25
B2_O_L2_MW_W_0.2_1.0_TS3,687.5,0.59,3692.62,-2.39,4380.12,-1.94,681.05,-0.11,3698.77,-2.16,4379.82,-1.85,680.31,-0.12,3708.83,-2.29,4389.139999999999,-1.96,-0.11,0.27,0.21
B2_O_L2_MW_W_0.6_0.8_TS2,776.81,13.66,3576.19,-5.47,4353.0,-2.54,728.78,6.89,3646.34,-3.55,4375.12,-1.95,727.98,6.88,3659.17,-3.6,4387.15,-2.0,-0.11,0.35,0.27
B2_O_L2_MW_W_0.6_0.8_TS3,731.23,6.99,3556.96,-5.98,4288.1900000000005,-3.99,709.97,4.13,3612.19,-4.45,4322.16,-3.14,709.04,4.1,3623.03,-4.55,4332.07,-3.24,-0.13,0.3,0.23
B2_O_L2_MW_W_0.6_1.0_TS2,773.04,13.11,3627.54,-4.11,4400.58,-1.48,725.07,6.35,3661.46,-3.15,4386.53,-1.7,724.36,6.35,3670.91,-3.29,4395.27,-1.82,-0.1,0.26,0.2
B2_O_L2_MW_W_0.6_1.0_TS3,723.45,5.85,3600.13,-4.84,4323.58,-3.2,707.86,3.83,3620.82,-4.22,4328.68,-2.99,706.99,3.8,3630.78,-4.35,4337.77,-3.11,-0.12,0.28,0.21
B2_O_L1_ST_E_0.2_0.8_TS2,2682.31,-1.98,868.37,-5.26,3550.68,-2.8,2647.65,-3.18,880.1,-3.9,3527.75,-3.36,2652.0,-3.16,878.45,-3.96,3530.45,-3.36,0.16,-0.19,0.08
B2_O_L1_ST_E_0.2_0.8_TS3,2682.84,-1.96,873.28,-4.72,3556.12,-2.65,2649.31,-3.12,886.27,-3.23,3535.58,-3.15,2653.69,-3.09,883.4,-3.42,3537.09,-3.18,0.17,-0.32,0.04
B2_O_L1_ST_E_0.2_2.3_TS2,2687.13,-1.8,887.2,-3.2,3574.33,-2.16,2684.77,-1.82,883.43,-3.54,3568.2,-2.25,2688.87,-1.81,879.66,-3.83,3568.53,-2.32,0.15,-0.43,0.01
B2_O_L1_ST_E_0.2_2.3_TS3,2691.24,-1.65,888.01,-3.12,3579.25,-2.02,2688.95,-1.67,889.42,-2.88,3578.37,-1.97,2693.06,-1.66,880.85,-3.7,3573.91,-2.17,0.15,-0.96,-0.12
B2_O_L1_ST_E_0.6_0.8_TS2,2687.17,-1.8,846.03,-7.7,3533.2,-3.28,2671.74,-2.3,854.5,-6.69,3526.24,-3.4,2675.52,-2.3,849.64,-7.11,3525.16,-3.5,0.14,-0.57,-0.03
B2_O_L1_ST_E_0.6_0.8_TS3,2690.14,-1.69,858.09,-6.38,3548.23,-2.87,2676.91,-2.11,863.68,-5.69,3540.59,-3.01,2680.86,-2.1,860.11,-5.97,3540.9700000000003,-3.07,0.15,-0.41,0.01
B2_O_L1_ST_E_0.6_2.3_TS2,2678.4,-2.12,864.0,-5.74,3542.4,-3.03,2676.17,-2.14,863.77,-5.68,3539.94,-3.03,2680.08,-2.13,859.38,-6.05,3539.46,-3.11,0.15,-0.51,-0.01
B2_O_L1_ST_E_0.6_2.3_TS3,2687.03,-1.81,872.54,-4.8,3559.57,-2.56,2684.74,-1.82,870.53,-4.94,3555.2699999999995,-2.61,2688.42,-1.83,868.21,-5.08,3556.63,-2.64,0.14,-0.27,0.04
B2_O_L1_ST_S_0.2_0.8_TS2,2735.41,-0.04,900.41,-1.76,3635.82,-0.47,2709.57,-0.92,922.69,0.75,3632.26,-0.5,2713.4,-0.91,921.22,0.71,3634.62,-0.51,0.14,-0.16,0.06
B2_O_L1_ST_S_0.2_0.8_TS3,2733.69,-0.1,904.88,-1.28,3638.57,-0.4,2709.41,-0.92,928.39,1.37,3637.8,-0.35,2713.29,-0.92,926.64,1.31,3639.93,-0.36,0.14,-0.19,0.06
B2_O_L1_ST_S_0.2_2.3_TS2,2733.67,-0.1,907.1,-1.03,3640.77,-0.34,2731.83,-0.1,907.49,-0.91,3639.32,-0.3,2735.55,-0.1,898.95,-1.72,3634.5,-0.51,0.14,-0.94,-0.13
B2_O_L1_ST_S_0.2_2.3_TS3,2734.92,-0.06,912.81,-0.41,3647.73,-0.15,2733.05,-0.06,913.5,-0.25,3646.55,-0.11,2737.1,-0.05,905.46,-1.01,3642.56,-0.29,0.15,-0.88,-0.11
B2_O_L1_ST_S_0.6_0.8_TS2,2736.4,-0.0,889.27,-2.98,3625.67,-0.75,2718.43,-0.59,893.71,-2.41,3612.14,-1.05,2722.13,-0.59,892.4,-2.44,3614.53,-1.06,0.14,-0.15,0.07
B2_O_L1_ST_S_0.6_0.8_TS3,2734.74,-0.07,900.14,-1.79,3634.88,-0.5,2719.84,-0.54,907.08,-0.95,3626.92,-0.64,2723.51,-0.54,904.85,-1.08,3628.36,-0.68,0.13,-0.25,0.04
B2_O_L1_ST_S_0.6_2.3_TS2,2722.5,-0.51,896.73,-2.16,3619.23,-0.93,2720.73,-0.51,900.12,-1.71,3620.85,-0.81,2724.25,-0.52,891.39,-2.55,3615.64,-1.03,0.13,-0.97,-0.14
B2_O_L1_ST_S_0.6_2.3_TS3,2723.73,-0.47,912.8,-0.41,3636.53,-0.45,2721.87,-0.47,913.47,-0.26,3635.34,-0.41,2725.46,-0.47,908.58,-0.67,3634.04,-0.52,0.13,-0.54,-0.04
B2_O_L1_ST_W_0.2_0.8_TS2,2676.72,-2.19,841.8,-8.16,3518.5199999999995,-3.68,2650.38,-3.08,849.04,-7.29,3499.42,-4.14,2654.37,-3.07,850.53,-7.01,3504.9,-4.06,0.15,0.18,0.16
B2_O_L1_ST_W_0.2_0.8_TS3,2676.43,-2.2,848.39,-7.44,3524.82,-3.51,2651.66,-3.03,859.83,-6.11,3511.49,-3.81,2655.54,-3.03,855.5,-6.47,3511.04,-3.89,0.15,-0.5,-0.01
B2_O_L1_ST_W_0.2_2.3_TS2,2682.05,-1.99,860.37,-6.13,3542.42,-3.03,2680.03,-2.0,859.23,-6.18,3539.26,-3.05,2684.13,-1.98,856.09,-6.41,3540.2200000000003,-3.09,0.15,-0.37,0.03
B2_O_L1_ST_W_0.2_2.3_TS3,2683.02,-1.96,867.22,-5.38,3550.24,-2.82,2680.99,-1.96,863.5,-5.71,3544.49,-2.9,2685.07,-1.95,858.19,-6.18,3543.26,-3.01,0.15,-0.61,-0.03
B2_O_L1_ST_W_0.6_0.8_TS2,2675.15,-2.24,835.43,-8.85,3510.58,-3.9,2659.59,-2.74,841.41,-8.12,3501.0,-4.09,2663.31,-2.74,839.49,-8.22,3502.8,-4.11,0.14,-0.23,0.05
B2_O_L1_ST_W_0.6_0.8_TS3,2672.45,-2.34,845.35,-7.77,3517.8,-3.7,2661.06,-2.69,851.1,-7.07,3512.16,-3.79,2664.63,-2.69,849.55,-7.12,3514.1800000000003,-3.8,0.13,-0.18,0.06
B2_O_L1_ST_W_0.6_2.3_TS2,2671.9,-2.36,849.54,-7.31,3521.44,-3.6,2669.97,-2.36,851.83,-6.99,3521.8,-3.52,2673.25,-2.38,844.71,-7.65,3517.96,-3.7,0.12,-0.84,-0.11
B2_O_L1_ST_W_0.6_2.3_TS3,2669.57,-2.45,860.72,-6.09,3530.29,-3.36,2667.59,-2.45,861.29,-5.95,3528.88,-3.33,2670.99,-2.46,860.06,-5.97,3531.05,-3.34,0.13,-0.14,0.06
B2_O_L2_ST_E_0.2_0.8_TS2,668.63,-2.17,3655.67,-3.37,4324.3,-3.19,655.36,-3.88,3698.79,-2.16,4354.15,-2.42,654.76,-3.87,3708.19,-2.31,4362.95,-2.55,-0.09,0.25,0.2
B2_O_L2_ST_E_0.2_0.8_TS3,671.16,-1.8,3644.47,-3.67,4315.63,-3.38,659.01,-3.34,3684.02,-2.55,4343.03,-2.67,658.45,-3.33,3692.41,-2.72,4350.86,-2.82,-0.08,0.23,0.18
B2_O_L2_ST_E_0.2_1.0_TS2,667.74,-2.3,3667.69,-3.05,4335.43,-2.94,655.06,-3.92,3711.47,-1.82,4366.53,-2.14,654.52,-3.91,3720.46,-1.98,4374.98,-2.28,-0.08,0.24,0.19
B2_O_L2_ST_E_0.2_1.0_TS3,670.39,-1.91,3657.83,-3.31,4328.22,-3.1,658.15,-3.47,3690.46,-2.38,4348.61,-2.55,657.57,-3.46,3704.01,-2.42,4361.58,-2.58,-0.09,0.37,0.3
B2_O_L2_ST_E_0.6_0.8_TS2,665.37,-2.64,3616.6,-4.4,4281.97,-4.13,658.23,-3.45,3675.54,-2.77,4333.77,-2.88,657.8,-3.43,3685.66,-2.9,4343.46,-2.98,-0.07,0.28,0.22
B2_O_L2_ST_E_0.6_0.8_TS3,672.89,-1.54,3601.75,-4.8,4274.64,-4.3,666.57,-2.23,3642.76,-3.64,4309.33,-3.43,665.96,-2.23,3650.06,-3.84,4316.02,-3.59,-0.09,0.2,0.16
B2_O_L2_ST_E_0.6_1.0_TS2,664.68,-2.74,3667.18,-3.07,4331.86,-3.02,657.63,-3.54,3693.0,-2.31,4350.63,-2.5,657.15,-3.52,3703.91,-2.42,4361.06,-2.59,-0.07,0.3,0.24
B2_O_L2_ST_E_0.6_1.0_TS3,672.09,-1.66,3639.85,-3.79,4311.94,-3.46,666.14,-2.29,3656.8,-3.27,4322.9400000000005,-3.12,665.57,-2.29,3664.28,-3.46,4329.85,-3.28,-0.09,0.2,0.16
B2_O_L2_ST_S_0.2_0.8_TS2,680.63,-0.41,3671.34,-2.96,4351.97,-2.57,668.87,-1.89,3747.2,-0.88,4416.07,-1.03,668.26,-1.89,3760.41,-0.93,4428.67,-1.08,-0.09,0.35,0.29
B2_O_L2_ST_S_0.2_0.8_TS3,683.12,-0.05,3678.85,-2.76,4361.97,-2.34,672.13,-1.42,3737.46,-1.14,4409.59,-1.18,671.49,-1.42,3747.03,-1.28,4418.52,-1.3,-0.1,0.26,0.2
B2_O_L2_ST_S_0.2_1.0_TS2,678.71,-0.69,3695.13,-2.33,4373.84,-2.08,668.24,-1.99,3757.11,-0.62,4425.35,-0.83,667.61,-1.99,3770.87,-0.66,4438.48,-0.86,-0.09,0.37,0.3
B2_O_L2_ST_S_0.2_1.0_TS3,682.32,-0.16,3693.06,-2.38,4375.38,-2.04,671.69,-1.48,3747.06,-0.88,4418.75,-0.97,670.78,-1.52,3756.28,-1.04,4427.06,-1.11,-0.14,0.25,0.19
B2_O_L2_ST_S_0.6_0.8_TS2,673.16,-1.5,3630.54,-4.03,4303.7,-3.65,665.53,-2.38,3698.15,-2.18,4363.68,-2.21,665.07,-2.36,3710.9,-2.24,4375.97,-2.25,-0.07,0.34,0.28
B2_O_L2_ST_S_0.6_0.8_TS3,680.61,-0.41,3639.3,-3.8,4319.91,-3.28,674.57,-1.06,3683.71,-2.56,4358.28,-2.33,673.78,-1.08,3692.46,-2.72,4366.24,-2.47,-0.12,0.24,0.18
B2_O_L2_ST_S_0.6_1.0_TS2,672.61,-1.58,3673.22,-2.91,4345.83,-2.7,664.73,-2.5,3716.56,-1.69,4381.29,-1.81,664.3,-2.47,3728.86,-1.76,4393.16,-1.87,-0.06,0.33,0.27
B2_O_L2_ST_S_0.6_1.0_TS3,680.18,-0.48,3679.24,-2.75,4359.42,-2.4,674.14,-1.12,3693.85,-2.29,4367.99,-2.11,673.49,-1.12,3703.4,-2.43,4376.89,-2.23,-0.1,0.26,0.2
B2_O_L2_ST_W_0.2_0.8_TS2,670.72,-1.86,3622.21,-4.25,4292.93,-3.89,660.85,-3.07,3663.51,-3.09,4324.360000000001,-3.09,659.99,-3.11,3676.59,-3.14,4336.58,-3.13,-0.13,0.36,0.28
B2_O_L2_ST_W_0.2_0.8_TS3,673.17,-1.5,3616.97,-4.39,4290.139999999999,-3.95,663.28,-2.71,3652.12,-3.39,4315.4,-3.29,662.57,-2.73,3663.66,-3.48,4326.23,-3.37,-0.11,0.32,0.25
B2_O_L2_ST_W_0.2_1.0_TS2,670.46,-1.9,3636.6,-3.87,4307.06,-3.57,659.7,-3.24,3676.31,-2.75,4336.01,-2.83,659.11,-3.23,3689.26,-2.81,4348.37,-2.87,-0.09,0.35,0.29
B2_O_L2_ST_W_0.2_1.0_TS3,672.34,-1.62,3628.45,-4.09,4300.79,-3.71,663.36,-2.7,3662.76,-3.11,4326.12,-3.05,662.51,-2.74,3672.06,-3.26,4334.57,-3.18,-0.13,0.25,0.2
B2_O_L2_ST_W_0.6_0.8_TS2,664.35,-2.79,3601.59,-4.8,4265.9400000000005,-4.49,657.38,-3.58,3659.19,-3.21,4316.57,-3.26,656.81,-3.57,3669.8,-3.32,4326.610000000001,-3.36,-0.09,0.29,0.23
B2_O_L2_ST_W_0.6_0.8_TS3,670.21,-1.94,3590.54,-5.09,4260.75,-4.61,665.04,-2.46,3631.34,-3.94,4296.38,-3.72,664.51,-2.44,3640.19,-4.1,4304.7,-3.85,-0.08,0.24,0.19
B2_O_L2_ST_W_0.6_1.0_TS2,664.08,-2.83,3651.7,-3.48,4315.78,-3.38,657.53,-3.56,3676.67,-2.74,4334.2,-2.87,656.92,-3.56,3686.82,-2.87,4343.74,-2.97,-0.09,0.28,0.22
B2_O_L2_ST_W_0.6_1.0_TS3,670.1,-1.95,3631.98,-4.0,4302.08,-3.68,664.31,-2.56,3642.85,-3.64,4307.16,-3.47,663.63,-2.57,3651.82,-3.79,4315.45,-3.61,-0.1,0.25,0.19
B2_R_L1_Base_S_0.12_5.9_TS1,2741.13,0.0,955.12,0.0,3696.25,0.0,2739.54,0.0,951.81,0.0,3691.35,0.0,2745.96,0.0,940.37,0.0,3686.33,0.0,0.23,-1.2,-0.14
B2_R_L2_Base_S_0.12_5.9_TS1,733.14,0.0,5600.36,0.0,6333.5,0.0,731.39,0.0,5601.87,0.0,6333.26,0.0,730.27,0.0,5608.55,0.0,6338.82,0.0,-0.15,0.12,0.09
B2_R_L1_DG_E_0.2_0.8_TS2,2444.78,-10.81,844.39,-11.59,3289.17,-11.01,2443.27,-10.81,840.8,-11.66,3284.07,-11.03,2446.86,-10.89,826.67,-12.09,3273.53,-11.2,0.15,-1.68,-0.32
B2_R_L1_DG_E_0.2_0.8_TS3,2497.58,-8.89,853.16,-10.68,3350.74,-9.35,2495.97,-8.89,850.66,-10.63,3346.63,-9.34,2503.67,-8.82,836.69,-11.03,3340.36,-9.39,0.31,-1.64,-0.19
B2_R_L1_DG_E_0.2_2.3_TS2,2593.95,-5.37,830.51,-13.05,3424.46,-7.35,2592.2,-5.38,827.81,-13.03,3420.01,-7.35,2597.07,-5.42,813.75,-13.46,3410.82,-7.47,0.19,-1.7,-0.27
B2_R_L1_DG_E_0.2_2.3_TS3,2647.91,-3.4,841.29,-11.92,3489.2,-5.6,2646.47,-3.4,839.28,-11.82,3485.75,-5.57,2650.52,-3.48,823.98,-12.38,3474.5,-5.75,0.15,-1.82,-0.32
B2_R_L1_DG_E_0.6_0.8_TS2,2722.05,-0.7,778.97,-18.44,3501.0200000000004,-5.28,2720.48,-0.7,780.76,-17.97,3501.24,-5.15,2726.65,-0.7,766.07,-18.54,3492.7200000000003,-5.25,0.23,-1.88,-0.24
B2_R_L1_DG_E_0.6_0.8_TS3,2787.87,1.71,784.44,-17.87,3572.31,-3.35,2786.13,1.7,782.56,-17.78,3568.69,-3.32,2791.87,1.67,768.04,-18.33,3559.91,-3.43,0.21,-1.86,-0.25
B2_R_L1_DG_E_0.6_2.3_TS2,3184.42,16.17,753.16,-21.14,3937.58,6.53,3181.89,16.15,754.4,-20.74,3936.29,6.64,3189.1,16.14,743.93,-20.89,3933.03,6.69,0.23,-1.39,-0.08
B2_R_L1_DG_E_0.6_2.3_TS3,3277.22,19.56,768.84,-19.5,4046.06,9.46,3274.3,19.52,761.62,-19.98,4035.92,9.33,3279.07,19.41,754.12,-19.81,4033.19,9.41,0.15,-0.98,-0.07
B2_R_L1_DG_S_0.2_0.8_TS2,2595.03,-5.33,937.11,-1.89,3532.1400000000003,-4.44,2593.48,-5.33,933.58,-1.92,3527.06,-4.45,2598.2,-5.38,918.33,-2.34,3516.53,-4.61,0.18,-1.63,-0.3
B2_R_L1_DG_S_0.2_0.8_TS3,2644.26,-3.53,944.85,-1.08,3589.11,-2.9,2642.64,-3.54,944.62,-0.76,3587.26,-2.82,2647.08,-3.6,937.96,-0.26,3585.04,-2.75,0.17,-0.71,-0.06
B2_R_L1_DG_S_0.2_2.3_TS2,2705.72,-1.29,914.52,-4.25,3620.24,-2.06,2704.09,-1.29,910.74,-4.31,3614.83,-2.07,2709.58,-1.32,901.46,-4.14,3611.04,-2.04,0.2,-1.02,-0.1
B2_R_L1_DG_S_0.2_2.3_TS3,2769.1,1.02,930.09,-2.62,3699.19,0.08,2767.13,1.01,929.8,-2.31,3696.93,0.15,2772.81,0.98,912.44,-2.97,3685.25,-0.03,0.21,-1.87,-0.32
B2_R_L1_DG_S_0.6_0.8_TS2,2834.2,3.4,854.05,-10.58,3688.25,-0.22,2832.29,3.39,854.87,-10.18,3687.16,-0.11,2837.97,3.35,846.56,-9.98,3684.53,-0.05,0.2,-0.97,-0.07
B2_R_L1_DG_S_0.6_0.8_TS3,2906.94,6.05,870.41,-8.87,3777.35,2.19,2904.39,6.02,874.12,-8.16,3778.51,2.36,2909.88,5.97,859.87,-8.56,3769.75,2.26,0.19,-1.63,-0.23
B2_R_L1_DG_S_0.6_2.3_TS2,3170.24,15.65,818.54,-14.3,3988.78,7.91,3166.52,15.59,814.89,-14.39,3981.41,7.86,3172.88,15.55,806.94,-14.19,3979.82,7.96,0.2,-0.98,-0.04
B2_R_L1_DG_S_0.6_2.3_TS3,3319.46,21.1,839.36,-12.12,4158.82,12.51,3316.12,21.05,841.41,-11.6,4157.53,12.63,3321.98,20.98,829.13,-11.83,4151.11,12.61,0.18,-1.46,-0.15
B2_R_L1_DG_W_0.2_0.8_TS2,2564.38,-6.45,830.03,-13.1,3394.41,-8.17,2562.83,-6.45,833.69,-12.41,3396.52,-7.99,2565.82,-6.56,816.56,-13.17,3382.38,-8.25,0.12,-2.05,-0.42
B2_R_L1_DG_W_0.2_0.8_TS3,2612.25,-4.7,842.16,-11.83,3454.41,-6.54,2610.75,-4.7,842.6,-11.47,3453.35,-6.45,2614.22,-4.8,827.35,-12.02,3441.57,-6.64,0.13,-1.81,-0.34
B2_R_L1_DG_W_0.2_2.3_TS2,2633.86,-3.91,830.32,-13.07,3464.1800000000003,-6.28,2632.08,-3.92,821.7,-13.67,3453.78,-6.44,2635.88,-4.01,815.24,-13.31,3451.12,-6.38,0.14,-0.79,-0.08
B2_R_L1_DG_W_0.2_2.3_TS3,2693.71,-1.73,840.0,-12.05,3533.71,-4.4,2692.02,-1.73,841.8,-11.56,3533.82,-4.27,2695.88,-1.82,821.47,-12.64,3517.3500000000004,-4.58,0.14,-2.42,-0.47
B2_R_L1_DG_W_0.6_0.8_TS2,2737.03,-0.15,777.39,-18.61,3514.42,-4.92,2735.08,-0.16,777.12,-18.35,3512.2,-4.85,2738.67,-0.27,765.73,-18.57,3504.4,-4.94,0.13,-1.47,-0.22
B2_R_L1_DG_W_0.6_0.8_TS3,2806.65,2.39,788.31,-17.46,3594.96,-2.74,2804.8,2.38,788.78,-17.13,3593.58,-2.65,2808.8,2.29,777.47,-17.32,3586.2700000000004,-2.71,0.14,-1.43,-0.2
B2_R_L1_DG_W_0.6_2.3_TS2,2918.22,6.46,763.58,-20.05,3681.8,-0.39,2916.32,6.45,765.94,-19.53,3682.26,-0.25,2921.18,6.38,751.67,-20.07,3672.85,-0.37,0.17,-1.86,-0.26
B2_R_L1_DG_W_0.6_2.3_TS3,3015.92,10.02,782.48,-18.08,3798.4,2.76,3013.97,10.02,787.45,-17.27,3801.42,2.98,3018.64,9.93,772.71,-17.83,3791.35,2.85,0.15,-1.87,-0.26
B2_R_L2_DG_E_0.2_0.8_TS2,613.51,-16.32,5462.02,-2.47,6075.530000000001,-4.07,611.77,-16.36,5460.6,-2.52,6072.370000000001,-4.12,610.21,-16.44,5466.65,-2.53,6076.86,-4.13,-0.25,0.11,0.07
B2_R_L2_DG_E_0.2_0.8_TS3,662.63,-9.62,5417.49,-3.27,6080.12,-4.0,660.88,-9.64,5416.92,-3.3,6077.8,-4.03,659.36,-9.71,5422.99,-3.31,6082.349999999999,-4.05,-0.23,0.11,0.07
B2_R_L2_DG_E_0.2_1.0_TS2,611.37,-16.61,5473.36,-2.27,6084.73,-3.93,609.59,-16.65,5473.18,-2.3,6082.77,-3.96,608.12,-16.73,5478.95,-2.31,6087.07,-3.97,-0.24,0.11,0.07
B2_R_L2_DG_E_0.2_1.0_TS3,660.35,-9.93,5429.73,-3.05,6090.08,-3.84,658.56,-9.96,5429.74,-3.07,6088.299999999999,-3.87,657.16,-10.01,5435.23,-3.09,6092.389999999999,-3.89,-0.21,0.1,0.07
B2_R_L2_DG_E_0.6_0.8_TS2,760.42,3.72,5310.74,-5.17,6071.16,-4.14,758.51,3.71,5310.0,-5.21,6068.51,-4.18,756.94,3.65,5316.02,-5.22,6072.960000000001,-4.19,-0.21,0.11,0.07
B2_R_L2_DG_E_0.6_0.8_TS3,828.86,13.06,5272.14,-5.86,6101.0,-3.67,827.16,13.09,5271.11,-5.9,6098.27,-3.71,825.78,13.08,5274.73,-5.95,6100.509999999999,-3.76,-0.17,0.07,0.04
B2_R_L2_DG_E_0.6_1.0_TS2,750.9,2.42,5342.73,-4.6,6093.629999999999,-3.79,749.06,2.42,5342.36,-4.63,6091.42,-3.82,747.58,2.37,5346.4,-4.67,6093.98,-3.86,-0.2,0.08,0.04
B2_R_L2_DG_E_0.6_1.0_TS3,818.86,11.69,5304.86,-5.28,6123.719999999999,-3.31,817.05,11.71,5304.78,-5.3,6121.83,-3.34,815.46,11.67,5310.85,-5.31,6126.31,-3.35,-0.19,0.11,0.07
B2_R_L2_DG_S_0.2_0.8_TS2,664.16,-9.41,5521.04,-1.42,6185.2,-2.34,662.37,-9.44,5521.16,-1.44,6183.53,-2.36,660.32,-9.58,5526.58,-1.46,6186.9,-2.4,-0.31,0.1,0.05
B2_R_L2_DG_S_0.2_0.8_TS3,718.17,-2.04,5476.54,-2.21,6194.71,-2.19,716.51,-2.03,5476.64,-2.24,6193.150000000001,-2.21,714.65,-2.14,5481.26,-2.27,6195.91,-2.25,-0.26,0.08,0.04
B2_R_L2_DG_S_0.2_1.0_TS2,661.97,-9.71,5532.09,-1.22,6194.06,-2.2,660.2,-9.73,5532.0,-1.25,6192.2,-2.23,658.25,-9.86,5537.97,-1.26,6196.22,-2.25,-0.3,0.11,0.06
B2_R_L2_DG_S_0.2_1.0_TS3,715.6,-2.39,5487.6,-2.01,6203.200000000001,-2.06,713.82,-2.4,5488.88,-2.02,6202.7,-2.06,711.98,-2.5,5494.38,-2.04,6206.360000000001,-2.09,-0.26,0.1,0.06
B2_R_L2_DG_S_0.6_0.8_TS2,836.83,14.14,5261.25,-6.06,6098.08,-3.72,835.26,14.2,5261.21,-6.08,6096.47,-3.74,832.97,14.06,5266.85,-6.09,6099.820000000001,-3.77,-0.27,0.11,0.05
B2_R_L2_DG_S_0.6_0.8_TS3,908.82,23.96,5225.31,-6.7,6134.13,-3.15,907.06,24.02,5226.97,-6.69,6134.030000000001,-3.15,904.76,23.89,5230.69,-6.74,6135.45,-3.21,-0.25,0.07,0.02
B2_R_L2_DG_S_0.6_1.0_TS2,826.96,12.8,5294.7,-5.46,6121.66,-3.34,824.98,12.8,5294.16,-5.49,6119.139999999999,-3.38,822.55,12.64,5298.44,-5.53,6120.99,-3.44,-0.29,0.08,0.03
B2_R_L2_DG_S_0.6_1.0_TS3,897.85,22.47,5259.06,-6.09,6156.910000000001,-2.79,895.93,22.5,5259.66,-6.11,6155.59,-2.81,893.68,22.38,5263.57,-6.15,6157.25,-2.86,-0.25,0.07,0.03
B2_R_L2_DG_W_0.2_0.8_TS2,633.98,-13.53,5441.29,-2.84,6075.27,-4.08,632.18,-13.56,5441.41,-2.86,6073.59,-4.1,630.33,-13.69,5447.28,-2.88,6077.61,-4.12,-0.29,0.11,0.07
B2_R_L2_DG_W_0.2_0.8_TS3,686.25,-6.4,5396.24,-3.64,6082.49,-3.96,684.48,-6.41,5396.86,-3.66,6081.34,-3.98,682.36,-6.56,5401.82,-3.69,6084.179999999999,-4.02,-0.31,0.09,0.05
B2_R_L2_DG_W_0.2_1.0_TS2,632.47,-13.73,5450.66,-2.67,6083.13,-3.95,630.69,-13.77,5451.97,-2.68,6082.66,-3.96,628.72,-13.91,5457.82,-2.69,6086.54,-3.98,-0.31,0.11,0.06
B2_R_L2_DG_W_0.2_1.0_TS3,660.35,-9.93,5429.73,-3.05,6090.08,-3.84,682.21,-6.72,5408.16,-3.46,6090.37,-3.84,680.5,-6.82,5413.47,-3.48,6093.97,-3.86,-0.25,0.1,0.06
B2_R_L2_DG_W_0.6_0.8_TS2,751.88,2.56,5294.82,-5.46,6046.7,-4.53,750.19,2.57,5294.49,-5.49,6044.68,-4.56,748.01,2.43,5300.29,-5.5,6048.3,-4.58,-0.29,0.11,0.06
B2_R_L2_DG_W_0.6_0.8_TS3,813.92,11.02,5257.92,-6.11,6071.84,-4.13,812.26,11.06,5258.48,-6.13,6070.74,-4.15,810.41,10.97,5262.74,-6.17,6073.15,-4.19,-0.23,0.08,0.04
B2_R_L2_DG_W_0.6_1.0_TS2,743.38,1.4,5328.7,-4.85,6072.08,-4.13,741.78,1.42,5328.98,-4.87,6070.759999999999,-4.14,739.86,1.31,5334.15,-4.89,6074.009999999999,-4.18,-0.26,0.1,0.05
B2_R_L2_DG_W_0.6_1.0_TS3,807.23,10.11,5290.8,-5.53,6098.030000000001,-3.72,805.4,10.12,5290.6,-5.56,6096.0,-3.75,803.53,10.03,5295.6,-5.58,6099.13,-3.78,-0.23,0.09,0.05
B2_R_L1_DS_E_0.2_0.8_TS2,2943.6,7.39,758.07,-20.63,3701.67,0.15,2941.1,7.36,760.05,-20.15,3701.15,0.27,2948.56,7.38,744.62,-20.82,3693.18,0.19,0.25,-2.03,-0.22
B2_R_L1_DS_E_0.2_2.3_TS2,3339.43,21.83,738.91,-22.64,4078.34,10.34,3336.39,21.79,743.2,-21.92,4079.59,10.52,3346.25,21.86,730.96,-22.27,4077.21,10.6,0.3,-1.65,-0.06
B2_R_L1_DS_E_0.6_0.8_TS2,3351.29,22.26,723.37,-24.26,4074.66,10.24,3347.84,22.2,719.36,-24.42,4067.2,10.18,3354.76,22.17,710.38,-24.46,4065.14,10.28,0.21,-1.25,-0.05
B2_R_L1_DS_E_0.6_2.3_TS2,4162.35,51.85,702.91,-26.41,4865.26,31.63,4156.79,51.73,706.87,-25.73,4863.66,31.76,4174.3,52.02,691.86,-26.43,4866.16,32.01,0.42,-2.12,0.05
B2_R_L1_DS_S_0.2_0.8_TS2,3162.93,15.39,859.57,-10.0,4022.5,8.83,3160.83,15.38,870.71,-8.52,4031.54,9.22,3166.9,15.33,860.18,-8.53,4027.08,9.24,0.19,-1.21,-0.11
B2_R_L1_DS_S_0.2_2.3_TS2,3619.13,32.03,854.94,-10.49,4474.07,21.04,3615.69,31.98,851.84,-10.5,4467.53,21.03,3624.73,32.0,838.07,-10.88,4462.8,21.06,0.25,-1.62,-0.11
B2_R_L1_DS_S_0.6_0.8_TS2,3550.17,29.51,829.79,-13.12,4379.96,18.5,3546.36,29.45,830.5,-12.75,4376.860000000001,18.57,3551.22,29.33,815.4,-13.29,4366.62,18.45,0.14,-1.82,-0.23
B2_R_L1_DS_S_0.6_2.3_TS2,4358.21,58.99,804.36,-15.78,5162.57,39.67,4353.64,58.92,802.3,-15.71,5155.9400000000005,39.68,4368.3,59.08,787.92,-16.21,5156.22,39.87,0.34,-1.79,0.01
B2_R_L1_DS_W_0.2_0.8_TS2,2946.34,7.49,755.8,-20.87,3702.14,0.16,2944.39,7.48,759.11,-20.25,3703.5,0.33,2949.33,7.41,747.06,-20.56,3696.39,0.27,0.17,-1.59,-0.19
B2_R_L1_DS_W_0.2_2.3_TS2,3209.55,17.09,748.08,-21.68,3957.63,7.07,3206.09,17.03,748.57,-21.35,3954.66,7.13,3215.01,17.08,734.43,-21.9,3949.44,7.14,0.28,-1.89,-0.13
B2_R_L1_DS_W_0.6_0.8_TS2,3259.55,18.91,730.93,-23.47,3990.48,7.96,3257.46,18.91,724.85,-23.85,3982.31,7.88,3261.35,18.77,716.81,-23.77,3978.16,7.92,0.12,-1.11,-0.1
B2_R_L1_DS_W_0.6_2.3_TS2,3730.94,36.11,712.06,-25.45,4443.0,20.2,3729.83,36.15,717.64,-24.6,4447.47,20.48,3741.19,36.24,704.52,-25.08,4445.71,20.6,0.3,-1.83,-0.04
B2_R_L2_DS_E_0.2_0.8_TS2,875.0,19.35,5486.41,-2.03,6361.41,0.44,873.12,19.38,5485.9,-2.07,6359.02,0.41,871.3,19.31,5490.53,-2.1,6361.83,0.36,-0.21,0.08,0.04
B2_R_L2_DS_E_0.2_1.0_TS2,865.63,18.07,5515.01,-1.52,6380.64,0.74,859.93,17.57,5527.82,-1.32,6387.75,0.86,858.25,17.53,5532.55,-1.36,6390.8,0.82,-0.2,0.09,0.05
B2_R_L2_DS_E_0.6_0.8_TS2,1115.45,52.15,5362.06,-4.26,6477.51,2.27,1113.66,52.27,5362.72,-4.27,6476.38,2.26,1110.47,52.06,5365.32,-4.34,6475.79,2.16,-0.29,0.05,-0.01
B2_R_L2_DS_E_0.6_1.0_TS2,1089.89,48.66,5427.62,-3.08,6517.51,2.91,1087.84,48.74,5427.99,-3.1,6515.83,2.88,1085.43,48.63,5429.55,-3.19,6514.9800000000005,2.78,-0.22,0.03,-0.01
B2_R_L2_DS_S_0.2_0.8_TS2,955.95,30.39,5513.63,-1.55,6469.58,2.15,954.27,30.47,5513.93,-1.57,6468.200000000001,2.13,951.93,30.35,5518.31,-1.61,6470.240000000001,2.07,-0.25,0.08,0.03
B2_R_L2_DS_S_0.2_1.0_TS2,946.7,29.13,5543.71,-1.01,6490.41,2.48,940.29,28.56,5554.87,-0.84,6495.16,2.56,937.88,28.43,5558.14,-0.9,6496.02,2.48,-0.26,0.06,0.01
B2_R_L2_DS_S_0.6_0.8_TS2,1200.49,63.75,5322.74,-4.96,6523.23,3.0,1199.88,64.05,5323.09,-4.98,6522.97,3.0,1195.52,63.71,5324.44,-5.07,6519.959999999999,2.86,-0.36,0.03,-0.05
B2_R_L2_DS_S_0.6_1.0_TS2,1175.37,60.32,5386.81,-3.81,6562.18,3.61,1174.3,60.56,5386.95,-3.84,6561.25,3.6,1170.81,60.33,5388.41,-3.93,6559.219999999999,3.48,-0.3,0.03,-0.03
B2_R_L2_DS_W_0.2_0.8_TS2,848.1,15.68,5456.46,-2.57,6304.56,-0.46,846.32,15.71,5457.35,-2.58,6303.67,-0.47,844.22,15.6,5461.98,-2.61,6306.2,-0.51,-0.25,0.08,0.04
B2_R_L2_DS_W_0.2_1.0_TS2,839.52,14.51,5486.6,-2.03,6326.120000000001,-0.12,834.49,14.1,5500.11,-1.82,6334.599999999999,0.02,831.39,13.85,5503.81,-1.87,6335.200000000001,-0.06,-0.37,0.07,0.01
B2_R_L2_DS_W_0.6_0.8_TS2,1031.99,40.76,5340.36,-4.64,6372.349999999999,0.61,1030.18,40.85,5340.38,-4.67,6370.56,0.59,1026.85,40.61,5341.79,-4.76,6368.639999999999,0.47,-0.32,0.03,-0.03
B2_R_L2_DS_W_0.6_1.0_TS2,1009.45,37.69,5407.57,-3.44,6417.02,1.32,1008.08,37.83,5406.36,-3.49,6414.44,1.28,1004.66,37.57,5407.14,-3.59,6411.8,1.15,-0.34,0.01,-0.04
B2_R_L1_MW_E_0.2_0.8_TS2,2788.85,1.74,824.4,-13.69,3613.25,-2.25,2718.15,-0.78,839.44,-11.81,3557.59,-3.62,2724.72,-0.77,823.39,-12.44,3548.11,-3.75,0.24,-1.91,-0.27
B2_R_L1_MW_E_0.2_0.8_TS3,2783.96,1.56,823.57,-13.77,3607.53,-2.4,2741.27,0.06,843.81,-11.35,3585.08,-2.88,2748.06,0.08,826.46,-12.11,3574.52,-3.03,0.25,-2.06,-0.29
B2_R_L1_MW_E_0.2_2.3_TS2,2749.22,0.3,836.39,-12.43,3585.61,-2.99,2748.52,0.33,839.82,-11.77,3588.34,-2.79,2756.65,0.39,823.91,-12.38,3580.56,-2.87,0.3,-1.89,-0.22
B2_R_L1_MW_E_0.2_2.3_TS3,2738.39,-0.1,841.78,-11.87,3580.17,-3.14,2736.95,-0.09,842.62,-11.47,3579.57,-3.03,2742.93,-0.11,824.62,-12.31,3567.55,-3.22,0.22,-2.14,-0.34
B2_R_L1_MW_E_0.6_0.8_TS2,3045.91,11.12,770.49,-19.33,3816.4,3.25,2904.81,6.03,797.42,-16.22,3702.23,0.29,2912.22,6.05,782.48,-16.79,3694.7,0.23,0.26,-1.87,-0.2
B2_R_L1_MW_E_0.6_0.8_TS3,2968.93,8.31,772.37,-19.13,3741.3,1.22,2889.73,5.48,808.24,-15.08,3697.97,0.18,2894.7,5.42,793.59,-15.61,3688.29,0.05,0.17,-1.81,-0.26
B2_R_L1_MW_E_0.6_2.3_TS2,2956.95,7.87,799.4,-16.3,3756.35,1.63,2954.99,7.86,797.9,-16.17,3752.89,1.67,2959.45,7.77,784.09,-16.62,3743.54,1.55,0.15,-1.73,-0.25
B2_R_L1_MW_E_0.6_2.3_TS3,2880.55,5.09,811.29,-15.06,3691.84,-0.12,2878.55,5.07,812.4,-14.65,3690.95,-0.01,2884.98,5.06,793.35,-15.63,3678.33,-0.22,0.22,-2.34,-0.34
B2_R_L1_MW_S_0.2_0.8_TS2,2930.61,6.91,902.32,-5.53,3832.93,3.7,2855.62,4.24,917.91,-3.56,3773.53,2.23,2862.74,4.25,906.37,-3.62,3769.11,2.25,0.25,-1.26,-0.12
B2_R_L1_MW_S_0.2_0.8_TS3,2875.28,4.89,918.66,-3.82,3793.94,2.64,2876.73,5.01,925.31,-2.78,3802.04,3.0,2882.77,4.98,913.03,-2.91,3795.8,2.97,0.21,-1.33,-0.16
B2_R_L1_MW_S_0.2_2.3_TS2,2922.29,6.61,914.7,-4.23,3836.99,3.81,2920.91,6.62,913.46,-4.03,3834.37,3.87,2927.35,6.61,903.15,-3.96,3830.5,3.91,0.22,-1.13,-0.1
B2_R_L1_MW_S_0.2_2.3_TS3,2895.84,5.64,924.52,-3.2,3820.36,3.36,2894.49,5.66,928.62,-2.44,3823.11,3.57,2900.82,5.64,915.91,-2.6,3816.73,3.54,0.22,-1.37,-0.17
B2_R_L1_MW_S_0.6_0.8_TS2,3166.15,15.51,853.66,-10.62,4019.81,8.75,3012.98,9.98,875.09,-8.06,3888.07,5.33,3018.8,9.94,866.27,-7.88,3885.07,5.39,0.19,-1.01,-0.08
B2_R_L1_MW_S_0.6_0.8_TS3,3036.88,10.79,885.14,-7.33,3922.02,6.11,3004.71,9.68,892.66,-6.21,3897.37,5.58,3010.11,9.62,883.78,-6.02,3893.89,5.63,0.18,-0.99,-0.09
B2_R_L1_MW_S_0.6_2.3_TS2,3121.06,13.86,870.33,-8.88,3991.39,7.98,3119.0,13.85,871.14,-8.48,3990.14,8.09,3125.15,13.81,860.55,-8.49,3985.7,8.12,0.2,-1.22,-0.11
B2_R_L1_MW_S_0.6_2.3_TS3,3023.05,10.28,908.54,-4.88,3931.59,6.37,3021.28,10.28,901.16,-5.32,3922.44,6.26,3025.76,10.19,893.93,-4.94,3919.69,6.33,0.15,-0.8,-0.07
B2_R_L1_MW_W_0.2_0.8_TS2,2878.72,5.02,817.21,-14.44,3695.93,-0.01,2826.57,3.18,831.65,-12.62,3658.22,-0.9,2832.26,3.14,815.92,-13.23,3648.18,-1.03,0.2,-1.89,-0.27
B2_R_L1_MW_W_0.2_0.8_TS3,2837.37,3.51,822.9,-13.84,3660.27,-0.97,2813.05,2.68,833.61,-12.42,3646.66,-1.21,2818.75,2.65,819.42,-12.86,3638.17,-1.31,0.2,-1.7,-0.23
B2_R_L1_MW_W_0.2_2.3_TS2,2882.93,5.17,830.42,-13.06,3713.35,0.46,2882.33,5.21,831.24,-12.67,3713.57,0.6,2886.65,5.12,815.95,-13.23,3702.6,0.44,0.15,-1.84,-0.3
B2_R_L1_MW_W_0.2_2.3_TS3,2838.19,3.54,833.61,-12.72,3671.8,-0.66,2837.37,3.57,831.85,-12.6,3669.22,-0.6,2843.8,3.56,818.07,-13.01,3661.87,-0.66,0.23,-1.66,-0.2
B2_R_L1_MW_W_0.6_0.8_TS2,3117.82,13.74,768.38,-19.55,3886.2,5.14,2992.76,9.24,798.27,-16.13,3791.03,2.7,2997.8,9.17,783.63,-16.67,3781.43,2.58,0.17,-1.83,-0.25
B2_R_L1_MW_W_0.6_0.8_TS3,2999.62,9.43,783.25,-17.99,3782.87,2.34,2942.23,7.4,807.68,-15.14,3749.91,1.59,2948.19,7.36,793.98,-15.57,3742.17,1.51,0.2,-1.7,-0.21
B2_R_L1_MW_W_0.6_2.3_TS2,3081.57,12.42,800.39,-16.2,3881.96,5.02,3080.59,12.45,799.75,-15.98,3880.34,5.12,3084.87,12.34,783.61,-16.67,3868.48,4.94,0.14,-2.02,-0.31
B2_R_L1_MW_W_0.6_2.3_TS3,2988.66,9.03,815.37,-14.63,3804.03,2.92,2987.03,9.03,813.39,-14.54,3800.42,2.95,2991.82,8.95,797.07,-15.24,3788.89,2.78,0.16,-2.01,-0.3
B2_R_L2_MW_E_0.2_0.8_TS2,770.39,5.08,5476.65,-2.21,6247.04,-1.37,730.21,-0.16,5508.82,-1.66,6239.03,-1.49,729.4,-0.12,5517.65,-1.62,6247.049999999999,-1.45,-0.11,0.16,0.13
B2_R_L2_MW_E_0.2_0.8_TS3,762.08,3.95,5475.98,-2.22,6238.06,-1.51,736.91,0.75,5502.6,-1.77,6239.51,-1.48,735.87,0.77,5512.24,-1.72,6248.11,-1.43,-0.14,0.18,0.14
B2_R_L2_MW_E_0.2_1.0_TS2,769.34,4.94,5496.42,-1.86,6265.76,-1.07,725.75,-0.77,5512.65,-1.59,6238.4,-1.5,725.2,-0.69,5522.02,-1.54,6247.22,-1.45,-0.08,0.17,0.14
B2_R_L2_MW_E_0.2_1.0_TS3,758.48,3.46,5492.28,-1.93,6250.76,-1.31,733.34,0.27,5505.86,-1.71,6239.2,-1.49,732.4,0.29,5516.29,-1.64,6248.69,-1.42,-0.13,0.19,0.15
B2_R_L2_MW_E_0.6_0.8_TS2,960.15,30.96,5318.07,-5.04,6278.219999999999,-0.87,839.28,14.75,5406.57,-3.49,6245.849999999999,-1.38,838.09,14.76,5417.44,-3.41,6255.53,-1.31,-0.14,0.2,0.15
B2_R_L2_MW_E_0.6_0.8_TS3,906.22,23.61,5320.34,-5.0,6226.56,-1.69,843.84,15.37,5397.04,-3.66,6240.88,-1.46,842.09,15.31,5407.54,-3.58,6249.63,-1.41,-0.21,0.19,0.14
B2_R_L2_MW_E_0.6_1.0_TS2,951.65,29.8,5380.34,-3.93,6331.99,-0.02,831.07,13.63,5422.35,-3.2,6253.42,-1.26,829.93,13.65,5432.43,-3.14,6262.360000000001,-1.21,-0.14,0.19,0.14
B2_R_L2_MW_E_0.6_1.0_TS3,888.05,21.13,5371.36,-4.09,6259.41,-1.17,838.02,14.58,5408.26,-3.46,6246.280000000001,-1.37,836.82,14.59,5417.89,-3.4,6254.71,-1.33,-0.14,0.18,0.13
B2_R_L2_MW_S_0.2_0.8_TS2,822.61,12.2,5471.86,-2.29,6294.469999999999,-0.62,781.25,6.82,5520.1,-1.46,6301.35,-0.5,779.94,6.8,5530.0,-1.4,6309.9400000000005,-0.46,-0.17,0.18,0.14
B2_R_L2_MW_S_0.2_0.8_TS3,805.36,9.85,5485.64,-2.05,6291.0,-0.67,790.65,8.1,5524.05,-1.39,6314.7,-0.29,789.27,8.08,5534.23,-1.33,6323.5,-0.24,-0.17,0.18,0.14
B2_R_L2_MW_S_0.2_1.0_TS2,825.06,12.54,5490.65,-1.96,6315.709999999999,-0.28,778.58,6.45,5526.54,-1.34,6305.12,-0.44,777.25,6.43,5536.49,-1.28,6313.74,-0.4,-0.17,0.18,0.14
B2_R_L2_MW_S_0.2_1.0_TS3,801.75,9.36,5502.69,-1.74,6304.44,-0.46,788.79,7.85,5529.42,-1.29,6318.21,-0.24,787.55,7.84,5539.64,-1.23,6327.1900000000005,-0.18,-0.16,0.18,0.14
B2_R_L2_MW_S_0.6_0.8_TS2,999.18,36.29,5219.65,-6.8,6218.83,-1.81,882.54,20.67,5358.78,-4.34,6241.32,-1.45,880.64,20.59,5368.69,-4.28,6249.33,-1.41,-0.22,0.18,0.13
B2_R_L2_MW_S_0.6_0.8_TS3,935.15,27.55,5281.19,-5.7,6216.339999999999,-1.85,889.72,21.65,5382.58,-3.91,6272.3,-0.96,887.83,21.58,5393.46,-3.84,6281.29,-0.91,-0.21,0.2,0.14
B2_R_L2_MW_S_0.6_1.0_TS2,996.24,35.89,5274.65,-5.82,6270.889999999999,-0.99,874.13,19.52,5377.73,-4.0,6251.86,-1.29,872.21,19.44,5387.96,-3.93,6260.17,-1.24,-0.22,0.19,0.13
B2_R_L2_MW_S_0.6_1.0_TS3,923.19,25.92,5334.05,-4.76,6257.24,-1.2,884.24,20.9,5396.86,-3.66,6281.099999999999,-0.82,882.58,20.86,5405.8,-3.62,6288.38,-0.8,-0.19,0.17,0.12
B2_R_L2_MW_W_0.2_0.8_TS2,771.5,5.23,5459.58,-2.51,6231.08,-1.62,737.83,0.88,5489.56,-2.0,6227.39,-1.67,736.83,0.9,5498.52,-1.96,6235.35,-1.63,-0.14,0.16,0.13
B2_R_L2_MW_W_0.2_0.8_TS3,758.42,3.45,5454.86,-2.6,6213.28,-1.9,738.76,1.01,5482.37,-2.13,6221.13,-1.77,737.65,1.01,5491.98,-2.08,6229.629999999999,-1.72,-0.15,0.18,0.14
B2_R_L2_MW_W_0.2_1.0_TS2,776.34,5.89,5477.1,-2.2,6253.4400000000005,-1.26,736.27,0.67,5493.69,-1.93,6229.959999999999,-1.63,735.22,0.68,5504.65,-1.85,6239.87,-1.56,-0.14,0.2,0.16
B2_R_L2_MW_W_0.2_1.0_TS3,755.52,3.05,5471.94,-2.29,6227.459999999999,-1.67,737.49,0.83,5486.32,-2.06,6223.81,-1.73,736.07,0.79,5495.72,-2.01,6231.79,-1.69,-0.19,0.17,0.13
B2_R_L2_MW_W_0.6_0.8_TS2,935.86,27.65,5300.46,-5.36,6236.32,-1.53,836.42,14.36,5388.93,-3.8,6225.35,-1.7,834.54,14.28,5398.5,-3.75,6233.04,-1.67,-0.22,0.18,0.12
B2_R_L2_MW_W_0.6_0.8_TS3,879.95,20.02,5304.84,-5.28,6184.79,-2.35,829.66,13.44,5378.48,-3.99,6208.139999999999,-1.98,828.3,13.42,5388.33,-3.93,6216.63,-1.93,-0.16,0.18,0.14
B2_R_L2_MW_W_0.6_1.0_TS2,935.73,27.63,5361.76,-4.26,6297.49,-0.57,827.78,13.18,5405.14,-3.51,6232.92,-1.58,826.2,13.14,5415.65,-3.44,6241.849999999999,-1.53,-0.19,0.19,0.14
B2_R_L2_MW_W_0.6_1.0_TS3,868.75,18.5,5355.69,-4.37,6224.44,-1.72,824.06,12.67,5391.44,-3.76,6215.5,-1.86,822.75,12.66,5399.87,-3.72,6222.62,-1.83,-0.16,0.16,0.11
B2_R_L1_ST_E_0.2_0.8_TS2,2752.65,0.42,753.13,-21.15,3505.78,-5.15,2654.5,-3.1,780.98,-17.95,3435.48,-6.93,2660.16,-3.12,762.09,-18.96,3422.25,-7.16,0.21,-2.42,-0.39
B2_R_L1_ST_E_0.2_0.8_TS3,2762.37,0.77,753.47,-21.11,3515.84,-4.88,2665.64,-2.7,769.71,-19.13,3435.35,-6.94,2670.88,-2.73,762.1,-18.96,3432.98,-6.87,0.2,-0.99,-0.07
B2_R_L1_ST_E_0.2_2.3_TS2,2782.35,1.5,820.49,-14.1,3602.84,-2.53,2780.56,1.5,818.13,-14.04,3598.69,-2.51,2786.04,1.46,803.8,-14.52,3589.84,-2.62,0.2,-1.75,-0.25
B2_R_L1_ST_E_0.2_2.3_TS3,2799.05,2.11,814.66,-14.71,3613.71,-2.23,2797.24,2.11,811.7,-14.72,3608.94,-2.23,2802.94,2.08,800.06,-14.92,3603.0,-2.26,0.2,-1.43,-0.16
B2_R_L1_ST_E_0.6_0.8_TS2,2831.57,3.3,712.45,-25.41,3544.0200000000004,-4.12,2788.77,1.8,737.39,-22.53,3526.16,-4.48,2795.06,1.79,725.65,-22.83,3520.71,-4.49,0.23,-1.59,-0.15
B2_R_L1_ST_E_0.6_0.8_TS3,2851.51,4.03,721.91,-24.42,3573.42,-3.32,2815.26,2.76,737.74,-22.49,3553.0,-3.75,2821.38,2.75,729.35,-22.44,3550.73,-3.68,0.22,-1.14,-0.06
B2_R_L1_ST_E_0.6_2.3_TS2,2813.87,2.65,777.76,-18.57,3591.63,-2.83,2812.44,2.66,775.5,-18.52,3587.94,-2.8,2818.66,2.65,763.45,-18.81,3582.11,-2.83,0.22,-1.55,-0.16
B2_R_L1_ST_E_0.6_2.3_TS3,2849.07,3.94,781.66,-18.16,3630.73,-1.77,2847.4,3.94,780.6,-17.99,3628.0,-1.72,2853.57,3.92,765.22,-18.63,3618.79,-1.83,0.22,-1.97,-0.25
B2_R_L1_ST_S_0.2_0.8_TS2,2940.58,7.28,867.26,-9.2,3807.84,3.02,2854.6,4.2,890.01,-6.49,3744.61,1.44,2860.45,4.17,877.74,-6.66,3738.19,1.41,0.2,-1.38,-0.17
B2_R_L1_ST_S_0.2_0.8_TS3,2953.07,7.73,874.58,-8.43,3827.65,3.55,2866.51,4.63,897.11,-5.75,3763.62,1.96,2872.47,4.61,878.7,-6.56,3751.17,1.76,0.21,-2.05,-0.33
B2_R_L1_ST_S_0.2_2.3_TS2,2955.23,7.81,906.87,-5.05,3862.1,4.49,2953.8,7.82,908.41,-4.56,3862.21,4.63,2960.1,7.8,900.77,-4.21,3860.87,4.73,0.21,-0.84,-0.03
B2_R_L1_ST_S_0.2_2.3_TS3,2976.59,8.59,915.97,-4.1,3892.56,5.31,2974.86,8.59,910.02,-4.39,3884.88,5.24,2980.44,8.54,900.77,-4.21,3881.21,5.29,0.19,-1.02,-0.09
B2_R_L1_ST_S_0.6_0.8_TS2,3014.19,9.96,838.31,-12.23,3852.5,4.23,2967.65,8.33,857.78,-9.88,3825.43,3.63,2973.9,8.3,845.73,-10.06,3819.63,3.62,0.21,-1.4,-0.15
B2_R_L1_ST_S_0.6_0.8_TS3,3042.38,10.99,848.95,-11.12,3891.33,5.28,2998.46,9.45,860.74,-9.57,3859.2,4.55,3004.33,9.41,851.74,-9.43,3856.07,4.6,0.2,-1.05,-0.08
B2_R_L1_ST_S_0.6_2.3_TS2,2982.43,8.8,863.4,-9.6,3845.83,4.05,2981.07,8.82,876.37,-7.93,3857.44,4.5,2987.41,8.79,859.28,-8.62,3846.69,4.35,0.21,-1.95,-0.28
B2_R_L1_ST_S_0.6_2.3_TS3,3028.94,10.5,897.93,-5.99,3926.87,6.24,3027.34,10.51,896.75,-5.78,3924.09,6.31,3033.46,10.47,880.52,-6.36,3913.98,6.18,0.2,-1.81,-0.26
B2_R_L1_ST_W_0.2_0.8_TS2,2884.31,5.22,753.17,-21.14,3637.48,-1.59,2820.4,2.95,773.19,-18.77,3593.59,-2.65,2826.66,2.94,759.42,-19.24,3586.08,-2.72,0.22,-1.78,-0.21
B2_R_L1_ST_W_0.2_0.8_TS3,2897.29,5.7,756.12,-20.84,3653.41,-1.16,2833.91,3.44,767.48,-19.37,3601.39,-2.44,2839.78,3.42,762.08,-18.96,3601.86,-2.29,0.21,-0.7,0.01
B2_R_L1_ST_W_0.2_2.3_TS2,2882.26,5.15,819.73,-14.18,3701.99,0.16,2880.55,5.15,821.97,-13.64,3702.52,0.3,2887.09,5.14,801.71,-14.75,3688.8,0.07,0.23,-2.46,-0.37
B2_R_L1_ST_W_0.2_2.3_TS3,2901.39,5.85,814.25,-14.75,3715.64,0.52,2899.84,5.85,819.6,-13.89,3719.44,0.76,2906.17,5.83,806.43,-14.24,3712.6,0.71,0.22,-1.61,-0.18
B2_R_L1_ST_W_0.6_0.8_TS2,2951.48,7.67,730.98,-23.47,3682.46,-0.37,2910.73,6.25,749.73,-21.23,3660.46,-0.84,2917.36,6.24,738.21,-21.5,3655.57,-0.83,0.23,-1.54,-0.13
B2_R_L1_ST_W_0.6_0.8_TS3,2975.95,8.57,741.35,-22.38,3717.3,0.57,2938.31,7.26,758.61,-20.3,3696.92,0.15,2944.59,7.23,742.14,-21.08,3686.73,0.01,0.21,-2.17,-0.28
B2_R_L1_ST_W_0.6_2.3_TS2,2913.33,6.28,787.17,-17.58,3700.5,0.11,2911.82,6.29,788.87,-17.12,3700.69,0.25,2917.31,6.24,774.64,-17.62,3691.95,0.15,0.19,-1.8,-0.24
B2_R_L1_ST_W_0.6_2.3_TS3,2956.95,7.87,801.73,-16.06,3758.68,1.69,2955.58,7.89,802.14,-15.72,3757.72,1.8,2961.86,7.86,787.12,-16.3,3748.98,1.7,0.21,-1.87,-0.23
B2_R_L2_ST_E_0.2_0.8_TS2,727.23,-0.81,5412.89,-3.35,6140.120000000001,-3.05,677.14,-7.42,5486.33,-2.06,6163.47,-2.68,676.56,-7.35,5496.85,-1.99,6173.41,-2.61,-0.09,0.19,0.16
B2_R_L2_ST_E_0.2_0.8_TS3,735.38,0.31,5400.0,-3.58,6135.38,-3.13,687.32,-6.03,5473.49,-2.29,6160.81,-2.72,686.91,-5.94,5483.7,-2.23,6170.61,-2.65,-0.06,0.19,0.16
B2_R_L2_ST_E_0.2_1.0_TS2,721.9,-1.53,5467.23,-2.38,6189.129999999999,-2.28,675.01,-7.71,5524.83,-1.38,6199.84,-2.11,674.41,-7.65,5534.37,-1.32,6208.78,-2.05,-0.09,0.17,0.14
B2_R_L2_ST_E_0.2_1.0_TS3,733.44,0.04,5449.41,-2.7,6182.85,-2.38,685.43,-6.28,5510.97,-1.62,6196.400000000001,-2.16,684.85,-6.22,5519.7,-1.58,6204.55,-2.12,-0.08,0.16,0.13
B2_R_L2_ST_E_0.6_0.8_TS2,755.24,3.01,5362.51,-4.25,6117.75,-3.41,727.7,-0.5,5477.24,-2.22,6204.94,-2.03,726.68,-0.49,5487.01,-2.17,6213.6900000000005,-1.97,-0.14,0.18,0.14
B2_R_L2_ST_E_0.6_0.8_TS3,773.05,5.44,5350.62,-4.46,6123.67,-3.31,749.98,2.54,5460.35,-2.53,6210.33,-1.94,749.47,2.63,5469.01,-2.49,6218.4800000000005,-1.9,-0.07,0.16,0.13
B2_R_L2_ST_E_0.6_1.0_TS2,741.15,1.09,5482.85,-2.1,6224.0,-1.73,726.35,-0.69,5533.12,-1.23,6259.47,-1.17,725.86,-0.6,5541.64,-1.19,6267.5,-1.13,-0.07,0.15,0.13
B2_R_L2_ST_E_0.6_1.0_TS3,768.87,4.87,5451.49,-2.66,6220.36,-1.79,750.8,2.65,5511.45,-1.61,6262.25,-1.12,750.04,2.71,5520.65,-1.57,6270.69,-1.07,-0.1,0.17,0.13
B2_R_L2_ST_S_0.2_0.8_TS2,793.75,8.27,5443.97,-2.79,6237.72,-1.51,744.75,1.83,5551.81,-0.89,6296.56,-0.58,743.93,1.87,5561.7,-0.84,6305.63,-0.52,-0.11,0.18,0.14
B2_R_L2_ST_S_0.2_0.8_TS3,813.3,10.93,5515.03,-1.52,6328.33,-0.08,801.34,9.56,5575.09,-0.48,6376.43,0.68,799.99,9.55,5583.43,-0.45,6383.42,0.7,-0.17,0.15,0.11
B2_R_L2_ST_S_0.2_1.0_TS2,786.48,7.28,5498.95,-1.81,6285.43,-0.76,742.48,1.52,5589.37,-0.22,6331.85,-0.02,741.87,1.59,5597.75,-0.19,6339.62,0.01,-0.08,0.15,0.12
B2_R_L2_ST_S_0.2_1.0_TS3,799.46,9.05,5483.86,-2.08,6283.32,-0.79,754.52,3.16,5579.01,-0.41,6333.530000000001,0.0,753.2,3.14,5587.69,-0.37,6340.889999999999,0.03,-0.17,0.16,0.12
B2_R_L2_ST_S_0.6_0.8_TS2,817.85,11.55,5288.31,-5.57,6106.160000000001,-3.59,787.88,7.72,5443.75,-2.82,6231.63,-1.6,787.12,7.78,5451.67,-2.8,6238.79,-1.58,-0.1,0.15,0.11
B2_R_L2_ST_S_0.6_0.8_TS3,840.56,14.65,5295.14,-5.45,6135.700000000001,-3.12,815.27,11.47,5437.78,-2.93,6253.049999999999,-1.27,813.75,11.43,5445.87,-2.9,6259.62,-1.25,-0.19,0.15,0.11
B2_R_L2_ST_S_0.6_1.0_TS2,799.67,9.07,5404.98,-3.49,6204.65,-2.03,786.56,7.54,5496.95,-1.87,6283.51,-0.79,784.86,7.48,5506.7,-1.82,6291.56,-0.75,-0.22,0.18,0.13
B2_R_L2_ST_S_0.6_1.0_TS3,832.66,13.57,5398.84,-3.6,6231.5,-1.61,813.37,11.21,5488.13,-2.03,6301.5,-0.5,812.92,11.32,5495.9,-2.01,6308.82,-0.47,-0.06,0.14,0.12
B2_R_L2_ST_W_0.2_0.8_TS2,746.04,1.76,5386.14,-3.83,6132.18,-3.18,707.41,-3.28,5459.56,-2.54,6166.97,-2.63,706.59,-3.24,5469.42,-2.48,6176.01,-2.57,-0.12,0.18,0.15
B2_R_L2_ST_W_0.2_0.8_TS3,754.09,2.86,5380.09,-3.93,6134.18,-3.15,718.22,-1.8,5447.95,-2.75,6166.17,-2.64,717.34,-1.77,5459.28,-2.66,6176.62,-2.56,-0.12,0.21,0.17
B2_R_L2_ST_W_0.2_1.0_TS2,736.94,0.52,5443.2,-2.81,6180.139999999999,-2.42,705.31,-3.57,5497.55,-1.86,6202.860000000001,-2.06,704.65,-3.51,5506.65,-1.82,6211.299999999999,-2.01,-0.09,0.17,0.14
B2_R_L2_ST_W_0.2_1.0_TS3,748.79,2.13,5432.28,-3.0,6181.07,-2.41,716.35,-2.06,5486.43,-2.06,6202.780000000001,-2.06,715.38,-2.04,5495.89,-2.01,6211.27,-2.01,-0.14,0.17,0.14
B2_R_L2_ST_W_0.6_0.8_TS2,762.86,4.05,5350.13,-4.47,6112.99,-3.48,738.75,1.01,5466.01,-2.43,6204.76,-2.03,737.9,1.04,5475.76,-2.37,6213.66,-1.97,-0.12,0.18,0.14
B2_R_L2_ST_W_0.6_0.8_TS3,782.17,6.69,5348.04,-4.51,6130.21,-3.21,762.91,4.31,5455.03,-2.62,6217.94,-1.82,761.82,4.32,5463.88,-2.58,6225.7,-1.78,-0.14,0.16,0.12
B2_R_L2_ST_W_0.6_1.0_TS2,745.19,1.64,5470.97,-2.31,6216.16,-1.85,735.7,0.59,5524.01,-1.39,6259.71,-1.16,734.74,0.61,5532.11,-1.36,6266.849999999999,-1.14,-0.13,0.15,0.11
B2_R_L2_ST_W_0.6_1.0_TS3,773.79,5.54,5452.37,-2.64,6226.16,-1.69,761.66,4.14,5507.98,-1.68,6269.639999999999,-1.0,760.58,4.15,5516.77,-1.64,6277.35,-0.97,-0.14,0.16,0.12
