ID_code,AC(v8.5_old_py),diff%_AC(v8.5_old_py),AH(v8.5_old_py),diff%_AH(v8.5_old_py),AT(v8.5_old_py),diff%_AT(v8.5_old_py),AC(v8.7),diff%_AC(v8.7),AH(v8.7),diff%_AH(v8.7),AT(v8.7),diff%_AT(v8.7),AC(v22.2),diff%_AC(v22.2),AH(v22.2),diff%_AH(v22.2),AT(v22.2),diff%_AT(v22.2),Delta_AC%_(v22.2-8.7_new),Delta_AH%_(v22.2-8.7_new),Delta_AT%_(v22.2-8.7_new)
B2_O_L1_Base_S_0.12_5.9_TS1,2736.52,0.0,916.57,0.0,3653.09,0.0,2734.61,0.0,915.81,0.0,3650.42,0.0,2738.41,0.0,914.69,0.0,3653.1,0.0,0.14,-0.12,0.07
B2_O_L2_Base_S_0.12_5.9_TS1,683.44,0.0,3783.17,0.0,4466.610000000001,0.0,681.78,0.0,3780.43,0.0,4462.21,0.0,681.14,0.0,3795.77,0.0,4476.91,0.0,-0.09,0.41,0.33
B2_O_L1_DG_E_0.2_0.8_TS2,2616.41,-4.39,895.45,-2.3,3511.8599999999997,-3.87,2654.59,-2.93,875.48,-4.4,3530.07,-3.3,2656.95,-2.97,866.93,-5.22,3523.88,-3.54,0.09,-0.98,-0.18
B2_O_L1_DG_E_0.2_0.8_TS3,2640.41,-3.51,881.93,-3.78,3522.3399999999997,-3.58,2677.14,-2.1,856.99,-6.42,3534.13,-3.19,2680.44,-2.12,852.79,-6.77,3533.23,-3.28,0.12,-0.49,-0.03
B2_O_L1_DG_E_0.2_2.3_TS2,2663.28,-2.68,884.24,-3.53,3547.5200000000004,-2.89,2661.11,-2.69,883.85,-3.49,3544.96,-2.89,2663.74,-2.73,879.21,-3.88,3542.95,-3.02,0.1,-0.52,-0.06
B2_O_L1_DG_E_0.2_2.3_TS3,2686.18,-1.84,866.33,-5.48,3552.5099999999998,-2.75,2683.98,-1.85,866.15,-5.42,3550.13,-2.75,2686.49,-1.9,859.27,-6.06,3545.76,-2.94,0.09,-0.79,-0.12
B2_O_L1_DG_E_0.6_0.8_TS2,2771.57,1.28,814.01,-11.19,3585.58,-1.85,2894.43,5.84,762.0,-16.79,3656.43,0.16,2898.44,5.84,757.94,-17.14,3656.38,0.09,0.14,-0.53,-0.0
B2_O_L1_DG_E_0.6_0.8_TS3,2785.92,1.81,800.3,-12.69,3586.2200000000003,-1.83,2899.82,6.04,742.71,-18.9,3642.53,-0.22,2903.88,6.04,736.27,-19.51,3640.15,-0.35,0.14,-0.87,-0.07
B2_O_L1_DG_E_0.6_2.3_TS2,2887.37,5.51,785.51,-14.3,3672.88,0.54,2884.88,5.5,782.26,-14.58,3667.1400000000003,0.46,2888.39,5.48,780.37,-14.68,3668.76,0.43,0.12,-0.24,0.04
B2_O_L1_DG_E_0.6_2.3_TS3,2888.03,5.54,763.95,-16.65,3651.9800000000005,-0.03,2884.8,5.49,763.1,-16.67,3647.9,-0.07,2887.84,5.46,758.98,-17.02,3646.82,-0.17,0.11,-0.54,-0.03
B2_O_L1_DG_S_0.2_0.8_TS2,2660.47,-2.78,914.67,-0.21,3575.14,-2.13,2686.5,-1.76,877.11,-4.23,3563.61,-2.38,2689.23,-1.8,874.4,-4.4,3563.63,-2.45,0.1,-0.31,0.0
B2_O_L1_DG_S_0.2_0.8_TS3,2681.64,-2.01,901.71,-1.62,3583.35,-1.91,2705.92,-1.05,865.09,-5.54,3571.01,-2.18,2708.1,-1.11,863.15,-5.63,3571.25,-2.24,0.08,-0.22,0.01
B2_O_L1_DG_S_0.2_2.3_TS2,2692.3,-1.62,882.49,-3.72,3574.79,-2.14,2690.6,-1.61,882.9,-3.59,3573.5,-2.11,2693.11,-1.65,882.29,-3.54,3575.4,-2.13,0.09,-0.07,0.05
B2_O_L1_DG_S_0.2_2.3_TS3,2709.44,-0.99,868.34,-5.26,3577.78,-2.06,2707.42,-0.99,871.37,-4.85,3578.79,-1.96,2709.88,-1.04,866.77,-5.24,3576.65,-2.09,0.09,-0.53,-0.06
B2_O_L1_DG_S_0.6_0.8_TS2,2771.84,1.29,785.41,-14.31,3557.25,-2.62,2846.49,4.09,705.58,-22.96,3552.0699999999997,-2.69,2849.08,4.04,705.7,-22.85,3554.78,-2.69,0.09,0.02,0.08
B2_O_L1_DG_S_0.6_0.8_TS3,2782.45,1.68,783.29,-14.54,3565.74,-2.39,2847.08,4.11,710.3,-22.44,3557.38,-2.55,2849.51,4.06,707.62,-22.64,3557.13,-2.63,0.09,-0.38,-0.01
B2_O_L1_DG_S_0.6_2.3_TS2,2837.27,3.68,725.19,-20.88,3562.46,-2.48,2835.01,3.67,724.43,-20.9,3559.44,-2.49,2838.87,3.67,721.79,-21.09,3560.66,-2.53,0.14,-0.36,0.03
B2_O_L1_DG_S_0.6_2.3_TS3,2833.24,3.53,726.1,-20.78,3559.3399999999997,-2.57,2830.55,3.51,727.8,-20.53,3558.3500000000004,-2.52,2833.59,3.48,722.55,-21.01,3556.14,-2.65,0.11,-0.72,-0.06
B2_O_L1_DG_W_0.2_0.8_TS2,2617.8,-4.34,864.33,-5.7,3482.13,-4.68,2648.62,-3.14,843.55,-7.89,3492.17,-4.34,2650.62,-3.21,839.17,-8.26,3489.79,-4.47,0.08,-0.52,-0.07
B2_O_L1_DG_W_0.2_0.8_TS3,2638.8,-3.57,848.28,-7.45,3487.08,-4.54,2665.85,-2.51,828.38,-9.55,3494.23,-4.28,2667.53,-2.59,823.54,-9.97,3491.07,-4.44,0.06,-0.58,-0.09
B2_O_L1_DG_W_0.2_2.3_TS2,2656.48,-2.92,855.09,-6.71,3511.57,-3.87,2654.63,-2.92,854.84,-6.66,3509.4700000000003,-3.86,2656.81,-2.98,850.71,-6.99,3507.52,-3.99,0.08,-0.48,-0.06
B2_O_L1_DG_W_0.2_2.3_TS3,2671.94,-2.36,840.23,-8.33,3512.17,-3.86,2669.88,-2.37,836.81,-8.63,3506.69,-3.94,2672.03,-2.42,835.28,-8.68,3507.31,-3.99,0.08,-0.18,0.02
B2_O_L1_DG_W_0.6_0.8_TS2,2728.72,-0.29,782.98,-14.57,3511.7,-3.87,2833.41,3.61,739.78,-19.22,3573.1899999999996,-2.12,2836.22,3.57,738.19,-19.3,3574.41,-2.15,0.1,-0.21,0.03
B2_O_L1_DG_W_0.6_0.8_TS3,2738.85,0.09,777.64,-15.16,3516.49,-3.74,2823.67,3.26,732.07,-20.06,3555.7400000000002,-2.59,2825.91,3.2,726.87,-20.53,3552.78,-2.75,0.08,-0.71,-0.08
B2_O_L1_DG_W_0.6_2.3_TS2,2832.76,3.52,768.18,-16.19,3600.94,-1.43,2830.36,3.5,769.33,-15.99,3599.69,-1.39,2833.59,3.48,762.69,-16.62,3596.28,-1.56,0.11,-0.86,-0.09
B2_O_L1_DG_W_0.6_2.3_TS3,2815.74,2.89,757.9,-17.31,3573.64,-2.17,2813.1,2.87,756.69,-17.37,3569.79,-2.21,2815.86,2.83,754.62,-17.5,3570.48,-2.26,0.1,-0.27,0.02
B2_O_L2_DG_E_0.2_0.8_TS2,642.0,-6.06,3757.12,-0.69,4399.12,-1.51,654.18,-4.05,3709.86,-1.87,4364.04,-2.2,653.0,-4.13,3724.44,-1.88,4377.44,-2.22,-0.18,0.39,0.31
B2_O_L2_DG_E_0.2_0.8_TS3,670.95,-1.83,3611.2,-4.55,4282.15,-4.13,684.79,0.44,3572.98,-5.49,4257.77,-4.58,683.77,0.39,3576.45,-5.78,4260.22,-4.84,-0.15,0.1,0.06
B2_O_L2_DG_E_0.2_1.0_TS2,641.35,-6.16,3762.1,-0.56,4403.45,-1.41,653.67,-4.12,3730.79,-1.31,4384.46,-1.74,652.55,-4.2,3741.87,-1.42,4394.42,-1.84,-0.17,0.3,0.23
B2_O_L2_DG_E_0.2_1.0_TS3,670.24,-1.93,3621.34,-4.28,4291.58,-3.92,683.66,0.28,3582.67,-5.23,4266.33,-4.39,682.87,0.25,3593.66,-5.32,4276.53,-4.48,-0.12,0.31,0.24
B2_O_L2_DG_E_0.6_0.8_TS2,702.07,2.73,3580.69,-5.35,4282.76,-4.12,751.07,10.16,3475.07,-8.08,4226.14,-5.29,749.81,10.08,3480.58,-8.3,4230.39,-5.51,-0.17,0.16,0.1
B2_O_L2_DG_E_0.6_0.8_TS3,733.73,7.36,3437.82,-9.13,4171.55,-6.61,783.58,14.93,3326.22,-12.01,4109.8,-7.9,782.08,14.82,3339.47,-12.02,4121.55,-7.94,-0.19,0.4,0.29
B2_O_L2_DG_E_0.6_1.0_TS2,699.26,2.31,3609.05,-4.6,4308.31,-3.54,738.54,8.33,3520.92,-6.86,4259.46,-4.54,737.23,8.23,3528.21,-7.05,4265.44,-4.72,-0.18,0.21,0.14
B2_O_L2_DG_E_0.6_1.0_TS3,730.3,6.86,3462.53,-8.48,4192.83,-6.13,772.95,13.37,3373.36,-10.77,4146.31,-7.08,772.4,13.4,3374.93,-11.09,4147.33,-7.36,-0.07,0.05,0.02
B2_O_L2_DG_S_0.2_0.8_TS2,652.48,-4.53,3781.83,-0.04,4434.3099999999995,-0.72,661.97,-2.91,3705.25,-1.99,4367.22,-2.13,660.8,-2.99,3718.34,-2.04,4379.14,-2.18,-0.18,0.35,0.27
B2_O_L2_DG_S_0.2_0.8_TS3,682.31,-0.17,3637.35,-3.85,4319.66,-3.29,693.29,1.69,3567.93,-5.62,4261.219999999999,-4.5,691.94,1.59,3574.13,-5.84,4266.07,-4.71,-0.19,0.17,0.11
B2_O_L2_DG_S_0.2_1.0_TS2,651.69,-4.65,3791.68,0.22,4443.37,-0.52,660.63,-3.1,3726.95,-1.41,4387.58,-1.67,659.29,-3.21,3730.59,-1.72,4389.88,-1.94,-0.2,0.1,0.05
B2_O_L2_DG_S_0.2_1.0_TS3,681.32,-0.31,3644.91,-3.65,4326.23,-3.14,691.65,1.45,3585.19,-5.16,4276.84,-4.15,690.6,1.39,3587.27,-5.49,4277.87,-4.45,-0.15,0.06,0.02
B2_O_L2_DG_S_0.6_0.8_TS2,718.26,5.09,3506.29,-7.32,4224.55,-5.42,757.9,11.16,3340.85,-11.63,4098.75,-8.15,756.39,11.05,3346.06,-11.85,4102.45,-8.36,-0.2,0.16,0.09
B2_O_L2_DG_S_0.6_0.8_TS3,689.96,0.95,3564.16,-5.79,4254.12,-4.76,792.29,16.21,3224.07,-14.72,4016.36,-9.99,791.75,16.24,3228.32,-14.95,4020.07,-10.2,-0.07,0.13,0.09
B2_O_L2_DG_S_0.6_1.0_TS2,715.04,4.62,3537.02,-6.51,4252.0599999999995,-4.8,739.58,8.48,3380.35,-10.58,4119.93,-7.67,738.33,8.4,3383.47,-10.86,4121.8,-7.93,-0.17,0.09,0.05
B2_O_L2_DG_S_0.6_1.0_TS3,745.96,9.15,3406.81,-9.95,4152.77,-7.03,771.44,13.15,3264.75,-13.64,4036.19,-9.55,770.42,13.11,3264.96,-13.98,4035.38,-9.86,-0.13,0.01,-0.02
B2_O_L2_DG_W_0.2_0.8_TS2,646.31,-5.43,3724.85,-1.54,4371.16,-2.14,655.22,-3.9,3677.35,-2.73,4332.57,-2.91,654.06,-3.98,3692.85,-2.71,4346.91,-2.9,-0.18,0.42,0.33
B2_O_L2_DG_W_0.2_0.8_TS3,672.78,-1.56,3580.24,-5.36,4253.0199999999995,-4.78,682.98,0.18,3538.51,-6.4,4221.49,-5.39,681.98,0.12,3549.57,-6.49,4231.55,-5.48,-0.15,0.31,0.24
B2_O_L2_DG_W_0.2_1.0_TS2,646.1,-5.46,3729.54,-1.42,4375.64,-2.04,654.68,-3.97,3698.45,-2.17,4353.13,-2.44,653.45,-4.07,3708.29,-2.3,4361.74,-2.57,-0.19,0.27,0.2
B2_O_L2_DG_W_0.2_1.0_TS3,672.15,-1.65,3584.71,-5.25,4256.86,-4.7,682.25,0.07,3558.98,-5.86,4241.23,-4.95,681.2,0.01,3564.33,-6.1,4245.53,-5.17,-0.15,0.15,0.1
B2_O_L2_DG_W_0.6_0.8_TS2,689.96,0.95,3564.16,-5.79,4254.12,-4.76,733.74,7.62,3464.95,-8.35,4198.69,-5.91,732.46,7.53,3472.18,-8.53,4204.64,-6.08,-0.17,0.21,0.14
B2_O_L2_DG_W_0.6_0.8_TS3,718.79,5.17,3426.85,-9.42,4145.639999999999,-7.19,760.73,11.58,3336.56,-11.74,4097.29,-8.18,759.06,11.44,3338.96,-12.03,4098.02,-8.46,-0.22,0.07,0.02
B2_O_L2_DG_W_0.6_1.0_TS2,687.51,0.6,3588.99,-5.13,4276.5,-4.26,725.25,6.38,3513.26,-7.07,4238.51,-5.01,723.68,6.25,3518.9,-7.29,4242.58,-5.23,-0.22,0.16,0.1
B2_O_L2_DG_W_0.6_1.0_TS3,716.2,4.79,3456.49,-8.64,4172.69,-6.58,752.33,10.35,3372.89,-10.78,4125.22,-7.55,750.88,10.24,3381.51,-10.91,4132.39,-7.7,-0.19,0.26,0.17
B2_O_L1_DS_E_0.2_0.8_TS2,2831.06,3.45,771.86,-15.79,3602.92,-1.37,2940.13,7.52,705.74,-22.94,3645.87,-0.12,2944.42,7.52,703.85,-23.05,3648.27,-0.13,0.15,-0.27,0.07
B2_O_L1_DS_E_0.2_2.3_TS2,2915.02,6.52,741.7,-19.08,3656.7200000000003,0.1,2911.04,6.45,739.64,-19.24,3650.68,0.01,2916.31,6.5,735.82,-19.56,3652.13,-0.03,0.18,-0.52,0.04
B2_O_L1_DS_E_0.6_0.8_TS2,3043.52,11.22,691.5,-24.56,3735.02,2.24,3244.09,18.63,617.49,-32.57,3861.58,5.78,3248.59,18.63,612.43,-33.05,3861.02,5.69,0.14,-0.82,-0.01
B2_O_L1_DS_E_0.6_2.3_TS2,3169.45,15.82,663.46,-27.61,3832.91,4.92,3163.46,15.68,664.87,-27.4,3828.33,4.87,3170.63,15.78,657.23,-28.15,3827.86,4.78,0.23,-1.15,-0.01
B2_O_L1_DS_S_0.2_0.8_TS2,2938.2,7.37,779.53,-14.95,3717.7299999999996,1.77,3075.5,12.47,723.25,-21.03,3798.75,4.06,3079.56,12.46,712.67,-22.09,3792.23,3.81,0.13,-1.46,-0.17
B2_O_L1_DS_S_0.2_2.3_TS2,3051.58,11.51,750.49,-18.12,3802.0699999999997,4.08,3047.77,11.45,749.02,-18.21,3796.79,4.01,3053.16,11.49,746.11,-18.43,3799.27,4.0,0.18,-0.39,0.07
B2_O_L1_DS_S_0.6_0.8_TS2,3119.52,14.0,690.36,-24.68,3809.88,4.29,3329.83,21.77,618.54,-32.46,3948.37,8.16,3332.91,21.71,611.78,-33.12,3944.69,7.98,0.09,-1.09,-0.09
B2_O_L1_DS_S_0.6_2.3_TS2,3252.35,18.85,654.15,-28.63,3906.5,6.94,3247.23,18.75,651.64,-28.85,3898.87,6.81,3253.41,18.81,646.11,-29.36,3899.52,6.75,0.19,-0.85,0.02
B2_O_L1_DS_W_0.2_0.8_TS2,2812.1,2.76,745.04,-18.71,3557.14,-2.63,2914.28,6.57,688.62,-24.81,3602.9,-1.3,2916.99,6.52,679.99,-25.66,3596.98,-1.54,0.09,-1.25,-0.16
B2_O_L1_DS_W_0.2_2.3_TS2,2890.27,5.62,719.87,-21.46,3610.14,-1.18,2887.39,5.59,718.94,-21.5,3606.33,-1.21,2892.23,5.62,716.02,-21.72,3608.25,-1.23,0.17,-0.41,0.05
B2_O_L1_DS_W_0.6_0.8_TS2,2983.03,9.01,676.09,-26.24,3659.1200000000003,0.17,3162.02,15.63,605.31,-33.9,3767.33,3.2,3164.13,15.55,598.42,-34.58,3762.55,3.0,0.07,-1.14,-0.13
B2_O_L1_DS_W_0.6_2.3_TS2,3102.5,13.37,652.68,-28.79,3755.18,2.79,3099.14,13.33,651.98,-28.81,3751.12,2.76,3104.28,13.36,646.89,-29.28,3751.17,2.68,0.17,-0.78,0.0
B2_O_L2_DS_E_0.2_0.8_TS2,736.82,7.81,3650.58,-3.5,4387.4,-1.77,783.53,14.92,3524.56,-6.77,4308.09,-3.45,782.83,14.93,3532.02,-6.95,4314.85,-3.62,-0.09,0.21,0.16
B2_O_L2_DS_E_0.2_1.0_TS2,734.7,7.5,3674.76,-2.87,4409.46,-1.28,771.3,13.13,3566.58,-5.66,4337.88,-2.79,770.06,13.05,3571.97,-5.9,4342.03,-3.01,-0.16,0.15,0.1
B2_O_L2_DS_E_0.6_0.8_TS2,848.64,24.17,3497.28,-7.56,4345.92,-2.7,930.28,36.45,3323.77,-12.08,4254.05,-4.66,929.84,36.51,3324.54,-12.41,4254.38,-4.97,-0.05,0.02,0.01
B2_O_L2_DS_E_0.6_1.0_TS2,837.05,22.48,3549.98,-6.16,4387.03,-1.78,887.47,30.17,3403.47,-9.97,4290.94,-3.84,886.56,30.16,3408.52,-10.2,4295.08,-4.06,-0.1,0.15,0.1
B2_O_L2_DS_S_0.2_0.8_TS2,769.61,12.61,3659.63,-3.27,4429.24,-0.84,827.64,21.39,3526.98,-6.7,4354.62,-2.41,826.4,21.33,3531.02,-6.97,4357.42,-2.67,-0.15,0.11,0.06
B2_O_L2_DS_S_0.2_1.0_TS2,765.13,11.95,3674.36,-2.88,4439.49,-0.61,813.27,19.29,3563.46,-5.74,4376.73,-1.92,811.56,19.15,3565.35,-6.07,4376.91,-2.23,-0.21,0.05,0.0
B2_O_L2_DS_S_0.6_0.8_TS2,897.53,31.33,3446.27,-8.91,4343.8,-2.75,976.1,43.17,3245.47,-14.15,4221.57,-5.39,975.72,43.25,3252.4,-14.32,4228.12,-5.56,-0.04,0.21,0.16
B2_O_L2_DS_S_0.6_1.0_TS2,885.31,29.54,3494.33,-7.63,4379.639999999999,-1.95,928.05,36.12,3323.48,-12.09,4251.53,-4.72,927.63,36.19,3325.86,-12.38,4253.49,-4.99,-0.05,0.07,0.05
B2_O_L2_DS_W_0.2_0.8_TS2,731.8,7.08,3626.34,-4.15,4358.14,-2.43,776.48,13.89,3496.44,-7.51,4272.92,-4.24,775.61,13.87,3502.55,-7.72,4278.16,-4.44,-0.11,0.17,0.12
B2_O_L2_DS_W_0.2_1.0_TS2,728.48,6.59,3646.29,-3.62,4374.77,-2.06,766.21,12.38,3540.39,-6.35,4306.6,-3.49,765.22,12.34,3542.92,-6.66,4308.14,-3.77,-0.13,0.07,0.04
B2_O_L2_DS_W_0.6_0.8_TS2,828.86,21.28,3486.25,-7.85,4315.11,-3.39,910.14,33.49,3312.96,-12.37,4223.1,-5.36,909.22,33.49,3311.55,-12.76,4220.77,-5.72,-0.1,-0.04,-0.06
B2_O_L2_DS_W_0.6_1.0_TS2,819.24,19.87,3536.97,-6.51,4356.21,-2.47,872.44,27.97,3393.31,-10.24,4265.75,-4.4,871.99,28.02,3398.47,-10.47,4270.46,-4.61,-0.05,0.15,0.11
B2_O_L1_MW_E_0.2_0.8_TS2,2789.21,1.93,859.71,-6.2,3648.92,-0.11,2786.9,1.91,860.29,-6.06,3647.19,-0.09,2791.11,1.92,852.96,-6.75,3644.07,-0.25,0.15,-0.85,-0.09
B2_O_L1_MW_E_0.2_0.8_TS3,2757.19,0.76,862.52,-5.9,3619.71,-0.91,2754.92,0.74,860.1,-6.08,3615.02,-0.97,2758.72,0.74,855.86,-6.43,3614.58,-1.05,0.14,-0.49,-0.01
B2_O_L1_MW_E_0.2_2.3_TS2,2778.52,1.53,872.56,-4.8,3651.08,-0.06,2775.97,1.51,870.92,-4.9,3646.89,-0.1,2779.93,1.52,866.93,-5.22,3646.86,-0.17,0.14,-0.46,-0.0
B2_O_L1_MW_E_0.2_2.3_TS3,2746.12,0.35,872.43,-4.82,3618.5499999999997,-0.95,2743.88,0.34,875.06,-4.45,3618.94,-0.86,2747.82,0.34,867.58,-5.15,3615.4,-1.03,0.14,-0.85,-0.1
B2_O_L1_MW_E_0.6_0.8_TS2,2952.04,7.88,794.99,-13.26,3747.0299999999997,2.57,2949.43,7.86,791.53,-13.57,3740.96,2.48,2952.61,7.82,787.72,-13.88,3740.33,2.39,0.11,-0.48,-0.02
B2_O_L1_MW_E_0.6_0.8_TS3,2852.3,4.23,808.28,-11.81,3660.58,0.21,2849.59,4.2,808.48,-11.72,3658.07,0.21,2852.97,4.18,803.4,-12.17,3656.37,0.09,0.12,-0.63,-0.05
B2_O_L1_MW_E_0.6_2.3_TS2,2926.6,6.95,831.63,-9.27,3758.23,2.88,2923.87,6.92,831.06,-9.25,3754.93,2.86,2926.96,6.89,826.89,-9.6,3753.85,2.76,0.11,-0.5,-0.03
B2_O_L1_MW_E_0.6_2.3_TS3,2829.67,3.4,838.81,-8.48,3668.48,0.42,2827.03,3.38,835.56,-8.76,3662.59,0.33,2830.48,3.36,832.6,-8.97,3663.08,0.27,0.12,-0.35,0.01
B2_O_L1_MW_S_0.2_0.8_TS2,2824.42,3.21,850.19,-7.24,3674.61,0.59,2822.48,3.21,851.97,-6.97,3674.45,0.66,2825.8,3.19,849.32,-7.15,3675.12,0.6,0.12,-0.31,0.02
B2_O_L1_MW_S_0.2_0.8_TS3,2792.07,2.03,869.91,-5.09,3661.98,0.24,2790.12,2.03,870.79,-4.92,3660.91,0.29,2793.55,2.01,868.28,-5.07,3661.83,0.24,0.12,-0.29,0.03
B2_O_L1_MW_S_0.2_2.3_TS2,2811.68,2.75,868.24,-5.27,3679.92,0.73,2809.71,2.75,867.72,-5.25,3677.4300000000003,0.74,2813.56,2.74,863.19,-5.63,3676.75,0.65,0.14,-0.52,-0.02
B2_O_L1_MW_S_0.2_2.3_TS3,2780.47,1.61,878.9,-4.11,3659.37,0.17,2778.6,1.61,882.52,-3.64,3661.12,0.29,2782.43,1.61,879.54,-3.84,3661.97,0.24,0.14,-0.34,0.02
B2_O_L1_MW_S_0.6_0.8_TS2,2979.51,8.88,779.74,-14.93,3759.25,2.91,2977.29,8.87,779.18,-14.92,3756.47,2.91,2980.36,8.84,779.53,-14.78,3759.89,2.92,0.1,0.04,0.09
B2_O_L1_MW_S_0.6_0.8_TS3,2875.06,5.06,821.04,-10.42,3696.1,1.18,2872.82,5.05,821.85,-10.26,3694.67,1.21,2875.69,5.01,819.88,-10.37,3695.57,1.16,0.1,-0.24,0.02
B2_O_L1_MW_S_0.6_2.3_TS2,2942.36,7.52,811.13,-11.5,3753.4900000000002,2.75,2940.34,7.52,808.66,-11.7,3749.0,2.7,2943.55,7.49,806.87,-11.79,3750.42,2.66,0.11,-0.22,0.04
B2_O_L1_MW_S_0.6_2.3_TS3,2845.41,3.98,848.77,-7.4,3694.18,1.12,2843.28,3.97,848.62,-7.34,3691.9,1.14,2846.84,3.96,846.5,-7.45,3693.34,1.1,0.13,-0.25,0.04
B2_O_L1_MW_W_0.2_0.8_TS2,2781.76,1.65,822.8,-10.23,3604.5600000000004,-1.33,2779.83,1.65,823.63,-10.07,3603.46,-1.29,2783.04,1.63,821.41,-10.2,3604.45,-1.33,0.12,-0.27,0.03
B2_O_L1_MW_W_0.2_0.8_TS3,2741.07,0.17,828.0,-9.66,3569.07,-2.3,2739.09,0.16,828.31,-9.55,3567.4,-2.27,2742.71,0.16,828.23,-9.45,3570.94,-2.25,0.13,-0.01,0.1
B2_O_L1_MW_W_0.2_2.3_TS2,2771.84,1.29,839.3,-8.43,3611.1400000000003,-1.15,2769.9,1.29,837.94,-8.5,3607.84,-1.17,2773.42,1.28,835.66,-8.64,3609.08,-1.21,0.13,-0.27,0.03
B2_O_L1_MW_W_0.2_2.3_TS3,2728.46,-0.29,843.81,-7.94,3572.27,-2.21,2726.46,-0.3,843.43,-7.9,3569.89,-2.21,2730.28,-0.3,840.71,-8.09,3570.99,-2.25,0.14,-0.32,0.03
B2_O_L1_MW_W_0.6_0.8_TS2,2937.56,7.35,765.82,-16.45,3703.38,1.38,2935.51,7.35,763.05,-16.68,3698.5600000000004,1.32,2938.49,7.31,764.42,-16.43,3702.91,1.36,0.1,0.18,0.12
B2_O_L1_MW_W_0.6_0.8_TS3,2818.27,2.99,786.03,-14.24,3604.3,-1.34,2815.81,2.97,786.78,-14.09,3602.59,-1.31,2818.93,2.94,787.25,-13.93,3606.18,-1.28,0.11,0.06,0.1
B2_O_L1_MW_W_0.6_2.3_TS2,2902.05,6.05,806.92,-11.96,3708.9700000000003,1.53,2900.1,6.05,805.39,-12.06,3705.49,1.51,2903.19,6.02,799.5,-12.59,3702.69,1.36,0.11,-0.73,-0.08
B2_O_L1_MW_W_0.6_2.3_TS3,2784.92,1.77,820.62,-10.47,3605.54,-1.3,2782.6,1.75,821.18,-10.33,3603.7799999999997,-1.28,2786.18,1.74,816.51,-10.73,3602.69,-1.38,0.13,-0.57,-0.03
B2_O_L2_MW_E_0.2_0.8_TS2,704.49,3.08,3711.53,-1.89,4416.02,-1.13,702.84,3.09,3714.69,-1.74,4417.53,-1.0,702.05,3.07,3722.0,-1.94,4424.05,-1.18,-0.11,0.2,0.15
B2_O_L2_MW_E_0.2_0.8_TS3,693.54,1.48,3702.69,-2.13,4396.23,-1.58,691.87,1.48,3699.52,-2.14,4391.39,-1.59,691.09,1.46,3710.52,-2.25,4401.61,-1.68,-0.11,0.3,0.23
B2_O_L2_MW_E_0.2_1.0_TS2,704.71,3.11,3732.15,-1.35,4436.860000000001,-0.67,703.05,3.12,3725.44,-1.45,4428.49,-0.76,702.35,3.11,3736.13,-1.57,4438.48,-0.86,-0.1,0.29,0.23
B2_O_L2_MW_E_0.2_1.0_TS3,690.96,1.1,3715.86,-1.78,4406.82,-1.34,689.3,1.1,3717.32,-1.67,4406.62,-1.25,688.66,1.1,3725.91,-1.84,4414.57,-1.39,-0.09,0.23,0.18
B2_O_L2_MW_E_0.6_0.8_TS2,782.92,14.56,3601.87,-4.79,4384.79,-1.83,781.6,14.64,3599.52,-4.79,4381.12,-1.82,780.54,14.59,3609.66,-4.9,4390.2,-1.94,-0.14,0.28,0.21
B2_O_L2_MW_E_0.6_0.8_TS3,745.74,9.12,3571.72,-5.59,4317.46,-3.34,743.99,9.12,3572.84,-5.49,4316.83,-3.26,743.05,9.09,3581.22,-5.65,4324.27,-3.41,-0.13,0.23,0.17
B2_O_L2_MW_E_0.6_1.0_TS2,781.68,14.37,3647.8,-3.58,4429.4800000000005,-0.83,779.94,14.4,3649.94,-3.45,4429.88,-0.72,778.93,14.36,3661.48,-3.54,4440.41,-0.82,-0.13,0.32,0.24
B2_O_L2_MW_E_0.6_1.0_TS3,736.3,7.73,3613.84,-4.48,4350.14,-2.61,734.82,7.78,3613.81,-4.41,4348.63,-2.55,734.01,7.76,3621.77,-4.58,4355.78,-2.71,-0.11,0.22,0.16
B2_O_L2_MW_S_0.2_0.8_TS2,710.89,4.02,3687.23,-2.54,4398.12,-1.53,709.32,4.04,3686.95,-2.47,4396.2699999999995,-1.48,708.52,4.02,3695.36,-2.65,4403.88,-1.63,-0.11,0.23,0.17
B2_O_L2_MW_S_0.2_0.8_TS3,701.21,2.6,3693.58,-2.37,4394.79,-1.61,699.68,2.63,3693.32,-2.3,4393.0,-1.55,699.07,2.63,3704.54,-2.4,4403.61,-1.64,-0.09,0.3,0.24
B2_O_L2_MW_S_0.2_1.0_TS2,710.21,3.92,3702.1,-2.14,4412.3099999999995,-1.22,708.74,3.95,3700.06,-2.13,4408.8,-1.2,707.92,3.93,3710.56,-2.24,4418.48,-1.31,-0.12,0.28,0.22
B2_O_L2_MW_S_0.2_1.0_TS3,699.24,2.31,3708.56,-1.97,4407.8,-1.32,697.72,2.34,3708.86,-1.89,4406.58,-1.25,696.95,2.32,3718.06,-2.05,4415.01,-1.38,-0.11,0.25,0.19
B2_O_L2_MW_S_0.6_0.8_TS2,789.34,15.5,3496.49,-7.58,4285.83,-4.05,787.34,15.48,3497.88,-7.47,4285.22,-3.97,786.06,15.4,3505.75,-7.64,4291.81,-4.13,-0.16,0.22,0.15
B2_O_L2_MW_S_0.6_0.8_TS3,746.73,9.26,3531.5,-6.65,4278.23,-4.22,745.14,9.29,3532.65,-6.55,4277.79,-4.13,744.02,9.23,3544.34,-6.62,4288.36,-4.21,-0.15,0.33,0.25
B2_O_L2_MW_S_0.6_1.0_TS2,786.37,15.06,3538.16,-6.48,4324.53,-3.18,784.45,15.06,3538.83,-6.39,4323.28,-3.11,783.35,15.01,3549.66,-6.48,4333.01,-3.21,-0.14,0.31,0.23
B2_O_L2_MW_S_0.6_1.0_TS3,738.16,8.01,3574.35,-5.52,4312.51,-3.45,736.48,8.02,3573.39,-5.48,4309.87,-3.41,735.67,8.01,3582.88,-5.61,4318.55,-3.54,-0.11,0.27,0.2
B2_O_L2_MW_W_0.2_0.8_TS2,700.87,2.55,3685.58,-2.58,4386.45,-1.79,699.2,2.56,3684.68,-2.53,4383.88,-1.76,698.64,2.57,3690.86,-2.76,4389.5,-1.95,-0.08,0.17,0.13
B2_O_L2_MW_W_0.2_0.8_TS3,689.64,0.91,3673.48,-2.9,4363.12,-2.32,687.72,0.87,3674.08,-2.81,4361.8,-2.25,687.37,0.91,3682.82,-2.98,4370.19,-2.38,-0.05,0.24,0.19
B2_O_L2_MW_W_0.2_1.0_TS2,700.16,2.45,3703.5,-2.11,4403.66,-1.41,698.4,2.44,3704.03,-2.02,4402.43,-1.34,697.98,2.47,3713.04,-2.18,4411.02,-1.47,-0.06,0.24,0.2
B2_O_L2_MW_W_0.2_1.0_TS3,687.5,0.59,3692.62,-2.39,4380.12,-1.94,685.74,0.58,3689.1,-2.42,4374.84,-1.96,684.92,0.55,3696.18,-2.62,4381.1,-2.14,-0.12,0.19,0.14
B2_O_L2_MW_W_0.6_0.8_TS2,776.81,13.66,3576.19,-5.47,4353.0,-2.54,774.84,13.65,3577.5,-5.37,4352.34,-2.46,773.7,13.59,3583.24,-5.6,4356.94,-2.68,-0.15,0.16,0.11
B2_O_L2_MW_W_0.6_0.8_TS3,731.23,6.99,3556.96,-5.98,4288.1900000000005,-3.99,729.66,7.02,3557.21,-5.9,4286.87,-3.93,728.78,6.99,3564.0,-6.11,4292.78,-4.11,-0.12,0.19,0.14
B2_O_L2_MW_W_0.6_1.0_TS2,773.04,13.11,3627.54,-4.11,4400.58,-1.48,771.19,13.11,3627.88,-4.04,4399.07,-1.41,769.98,13.04,3634.75,-4.24,4404.73,-1.61,-0.16,0.19,0.13
B2_O_L2_MW_W_0.6_1.0_TS3,723.45,5.85,3600.13,-4.84,4323.58,-3.2,721.62,5.84,3597.69,-4.83,4319.31,-3.2,720.58,5.79,3608.96,-4.92,4329.54,-3.29,-0.14,0.31,0.24
B2_O_L1_ST_E_0.2_0.8_TS2,2682.31,-1.98,868.37,-5.26,3550.68,-2.8,2680.05,-2.0,867.21,-5.31,3547.26,-2.83,2684.19,-1.98,865.66,-5.36,3549.85,-2.83,0.15,-0.18,0.07
B2_O_L1_ST_E_0.2_0.8_TS3,2682.84,-1.96,873.28,-4.72,3556.12,-2.65,2680.62,-1.97,873.92,-4.57,3554.54,-2.63,2684.78,-1.96,869.28,-4.96,3554.06,-2.71,0.16,-0.53,-0.01
B2_O_L1_ST_E_0.2_2.3_TS2,2687.13,-1.8,887.2,-3.2,3574.33,-2.16,2684.8,-1.82,882.9,-3.59,3567.7000000000003,-2.27,2688.9,-1.81,876.5,-4.18,3565.4,-2.4,0.15,-0.72,-0.06
B2_O_L1_ST_E_0.2_2.3_TS3,2691.24,-1.65,888.01,-3.12,3579.25,-2.02,2688.84,-1.67,886.46,-3.2,3575.3,-2.06,2692.96,-1.66,880.6,-3.73,3573.56,-2.18,0.15,-0.66,-0.05
B2_O_L1_ST_E_0.6_0.8_TS2,2687.17,-1.8,846.03,-7.7,3533.2,-3.28,2684.87,-1.82,842.32,-8.02,3527.19,-3.38,2688.6,-1.82,840.96,-8.06,3529.56,-3.38,0.14,-0.16,0.07
B2_O_L1_ST_E_0.6_0.8_TS3,2690.14,-1.69,858.09,-6.38,3548.23,-2.87,2687.77,-1.71,858.23,-6.29,3546.0,-2.86,2691.64,-1.71,855.25,-6.5,3546.89,-2.91,0.14,-0.35,0.03
B2_O_L1_ST_E_0.6_2.3_TS2,2678.4,-2.12,864.0,-5.74,3542.4,-3.03,2676.17,-2.14,863.77,-5.68,3539.94,-3.03,2680.08,-2.13,859.38,-6.05,3539.46,-3.11,0.15,-0.51,-0.01
B2_O_L1_ST_E_0.6_2.3_TS3,2687.03,-1.81,872.54,-4.8,3559.57,-2.56,2684.74,-1.82,870.53,-4.94,3555.2699999999995,-2.61,2688.42,-1.83,868.21,-5.08,3556.63,-2.64,0.14,-0.27,0.04
B2_O_L1_ST_S_0.2_0.8_TS2,2735.41,-0.04,900.41,-1.76,3635.8199999999997,-0.47,2733.43,-0.04,897.98,-1.95,3631.41,-0.52,2737.23,-0.04,895.96,-2.05,3633.19,-0.55,0.14,-0.22,0.05
B2_O_L1_ST_S_0.2_0.8_TS3,2733.69,-0.1,904.88,-1.28,3638.57,-0.4,2731.56,-0.11,905.73,-1.1,3637.29,-0.36,2735.32,-0.11,899.29,-1.68,3634.61,-0.51,0.14,-0.71,-0.07
B2_O_L1_ST_S_0.2_2.3_TS2,2733.67,-0.1,907.1,-1.03,3640.77,-0.34,2731.81,-0.1,906.72,-0.99,3638.5299999999997,-0.33,2735.62,-0.1,901.06,-1.49,3636.68,-0.45,0.14,-0.62,-0.05
B2_O_L1_ST_S_0.2_2.3_TS3,2734.92,-0.06,912.81,-0.41,3647.73,-0.15,2732.99,-0.06,911.85,-0.43,3644.8399999999997,-0.15,2737.03,-0.05,906.61,-0.88,3643.64,-0.26,0.15,-0.57,-0.03
B2_O_L1_ST_S_0.6_0.8_TS2,2736.4,-0.0,889.27,-2.98,3625.67,-0.75,2734.59,-0.0,886.57,-3.19,3621.1600000000003,-0.8,2738.22,-0.01,886.42,-3.09,3624.64,-0.78,0.13,-0.02,0.1
B2_O_L1_ST_S_0.6_0.8_TS3,2734.74,-0.07,900.14,-1.79,3634.8799999999997,-0.5,2732.9,-0.06,901.98,-1.51,3634.88,-0.43,2736.74,-0.06,899.43,-1.67,3636.17,-0.46,0.14,-0.28,0.04
B2_O_L1_ST_S_0.6_2.3_TS2,2722.5,-0.51,900.02,-1.81,3622.52,-0.84,2720.73,-0.51,900.12,-1.71,3620.85,-0.81,2724.25,-0.52,891.39,-2.55,3615.64,-1.03,0.13,-0.97,-0.14
B2_O_L1_ST_S_0.6_2.3_TS3,2723.73,-0.47,912.8,-0.41,3636.5299999999997,-0.45,2721.87,-0.47,913.47,-0.26,3635.34,-0.41,2725.46,-0.47,908.58,-0.67,3634.04,-0.52,0.13,-0.54,-0.04
B2_O_L1_ST_W_0.2_0.8_TS2,2676.72,-2.19,841.8,-8.16,3518.5199999999995,-3.68,2674.7,-2.19,840.52,-8.22,3515.22,-3.7,2678.45,-2.19,840.28,-8.13,3518.73,-3.68,0.14,-0.03,0.1
B2_O_L1_ST_W_0.2_0.8_TS3,2676.43,-2.2,848.39,-7.44,3524.8199999999997,-3.51,2674.43,-2.2,847.51,-7.46,3521.9399999999996,-3.52,2678.17,-2.2,842.88,-7.85,3521.05,-3.61,0.14,-0.55,-0.03
B2_O_L1_ST_W_0.2_2.3_TS2,2682.05,-1.99,860.37,-6.13,3542.42,-3.03,2680.05,-2.0,860.01,-6.09,3540.0600000000004,-3.02,2684.13,-1.98,856.25,-6.39,3540.38,-3.09,0.15,-0.44,0.01
B2_O_L1_ST_W_0.2_2.3_TS3,2680.02,-2.06,861.22,-6.04,3541.24,-3.06,2680.66,-1.97,860.88,-6.0,3541.54,-2.98,2684.68,-1.96,858.7,-6.12,3543.38,-3.0,0.15,-0.25,0.05
B2_O_L1_ST_W_0.6_0.8_TS2,2675.15,-2.24,835.43,-8.85,3510.58,-3.9,2673.21,-2.25,834.39,-8.89,3507.6,-3.91,2676.61,-2.26,831.93,-9.05,3508.54,-3.96,0.13,-0.29,0.03
B2_O_L1_ST_W_0.6_0.8_TS3,2672.45,-2.34,845.35,-7.77,3517.7999999999997,-3.7,2670.42,-2.35,849.44,-7.25,3519.86,-3.58,2673.85,-2.36,844.0,-7.73,3517.85,-3.7,0.13,-0.64,-0.06
B2_O_L1_ST_W_0.6_2.3_TS2,2671.9,-2.36,849.54,-7.31,3521.44,-3.6,2669.97,-2.36,851.83,-6.99,3521.7999999999997,-3.52,2673.25,-2.38,844.71,-7.65,3517.96,-3.7,0.12,-0.84,-0.11
B2_O_L1_ST_W_0.6_2.3_TS3,2669.57,-2.45,860.72,-6.09,3530.29,-3.36,2667.59,-2.45,861.29,-5.95,3528.88,-3.33,2670.99,-2.46,860.06,-5.97,3531.05,-3.34,0.13,-0.14,0.06
B2_O_L2_ST_E_0.2_0.8_TS2,668.63,-2.17,3655.67,-3.37,4324.3,-3.19,666.98,-2.17,3655.85,-3.3,4322.83,-3.12,666.39,-2.17,3662.71,-3.51,4329.1,-3.3,-0.09,0.19,0.15
B2_O_L2_ST_E_0.2_0.8_TS3,671.16,-1.8,3644.47,-3.67,4315.63,-3.38,669.56,-1.79,3642.6,-3.65,4312.16,-3.36,669.01,-1.78,3653.7,-3.74,4322.71,-3.44,-0.08,0.3,0.24
B2_O_L2_ST_E_0.2_1.0_TS2,667.74,-2.3,3667.69,-3.05,4335.43,-2.94,666.2,-2.29,3666.16,-3.02,4332.36,-2.91,665.63,-2.28,3675.59,-3.17,4341.22,-3.03,-0.09,0.26,0.2
B2_O_L2_ST_E_0.2_1.0_TS3,670.39,-1.91,3657.83,-3.31,4328.22,-3.1,668.74,-1.91,3654.95,-3.32,4323.69,-3.1,668.19,-1.9,3668.03,-3.37,4336.22,-3.14,-0.08,0.36,0.29
B2_O_L2_ST_E_0.6_0.8_TS2,665.37,-2.64,3616.6,-4.4,4281.97,-4.13,663.43,-2.69,3618.11,-4.29,4281.54,-4.05,663.01,-2.66,3625.99,-4.47,4289.0,-4.2,-0.06,0.22,0.17
B2_O_L2_ST_E_0.6_0.8_TS3,672.89,-1.54,3601.75,-4.8,4274.64,-4.3,671.1,-1.57,3603.73,-4.67,4274.83,-4.2,670.63,-1.54,3608.39,-4.94,4279.02,-4.42,-0.07,0.13,0.1
B2_O_L2_ST_E_0.6_1.0_TS2,664.68,-2.74,3667.18,-3.07,4331.86,-3.02,662.85,-2.78,3668.96,-2.95,4331.81,-2.92,662.4,-2.75,3677.4,-3.12,4339.8,-3.06,-0.07,0.23,0.18
B2_O_L2_ST_E_0.6_1.0_TS3,672.09,-1.66,3639.85,-3.79,4311.94,-3.46,670.36,-1.68,3641.9,-3.66,4312.26,-3.36,669.8,-1.66,3648.72,-3.87,4318.52,-3.54,-0.08,0.19,0.15
B2_O_L2_ST_S_0.2_0.8_TS2,677.22,-0.91,3680.34,-2.72,4357.56,-2.44,678.31,-0.51,3681.25,-2.62,4359.5599999999995,-2.3,677.67,-0.51,3691.35,-2.75,4369.02,-2.41,-0.09,0.27,0.22
B2_O_L2_ST_S_0.2_0.8_TS3,683.12,-0.05,3678.85,-2.76,4361.97,-2.34,681.32,-0.07,3677.38,-2.73,4358.7,-2.32,680.45,-0.1,3689.4,-2.8,4369.85,-2.39,-0.13,0.33,0.26
B2_O_L2_ST_S_0.2_1.0_TS2,678.71,-0.69,3695.13,-2.33,4373.84,-2.08,677.14,-0.68,3696.11,-2.23,4373.25,-1.99,676.78,-0.64,3706.71,-2.35,4383.49,-2.09,-0.05,0.29,0.23
B2_O_L2_ST_S_0.2_1.0_TS3,682.32,-0.16,3693.06,-2.38,4375.38,-2.04,680.51,-0.19,3692.31,-2.33,4372.82,-2.0,679.97,-0.17,3700.3,-2.52,4380.27,-2.16,-0.08,0.22,0.17
B2_O_L2_ST_S_0.6_0.8_TS2,673.16,-1.5,3630.54,-4.03,4303.7,-3.65,671.52,-1.5,3628.72,-4.01,4300.24,-3.63,671.19,-1.46,3639.4,-4.12,4310.59,-3.72,-0.05,0.29,0.24
B2_O_L2_ST_S_0.6_0.8_TS3,680.61,-0.41,3639.3,-3.8,4319.91,-3.28,679.08,-0.4,3636.87,-3.8,4315.95,-3.28,678.53,-0.38,3648.46,-3.88,4326.99,-3.35,-0.08,0.32,0.26
B2_O_L2_ST_S_0.6_1.0_TS2,672.61,-1.58,3673.22,-2.91,4345.83,-2.7,670.91,-1.59,3678.02,-2.71,4348.93,-2.54,670.09,-1.62,3686.02,-2.89,4356.11,-2.7,-0.12,0.22,0.17
B2_O_L2_ST_S_0.6_1.0_TS3,680.18,-0.48,3679.24,-2.75,4359.42,-2.4,678.67,-0.46,3677.95,-2.71,4356.62,-2.37,678.01,-0.46,3683.83,-2.95,4361.84,-2.57,-0.1,0.16,0.12
B2_O_L2_ST_W_0.2_0.8_TS2,670.72,-1.86,3622.21,-4.25,4292.93,-3.89,668.99,-1.88,3623.63,-4.15,4292.62,-3.8,668.51,-1.85,3636.07,-4.21,4304.58,-3.85,-0.07,0.34,0.28
B2_O_L2_ST_W_0.2_0.8_TS3,673.17,-1.5,3616.97,-4.39,4290.139999999999,-3.95,671.25,-1.54,3616.26,-4.34,4287.51,-3.92,670.71,-1.53,3626.18,-4.47,4296.89,-4.02,-0.08,0.27,0.22
B2_O_L2_ST_W_0.2_1.0_TS2,670.46,-1.9,3636.6,-3.87,4307.0599999999995,-3.57,668.73,-1.91,3636.04,-3.82,4304.77,-3.53,667.87,-1.95,3646.58,-3.93,4314.45,-3.63,-0.13,0.29,0.22
B2_O_L2_ST_W_0.2_1.0_TS3,672.34,-1.62,3628.45,-4.09,4300.79,-3.71,670.7,-1.63,3629.63,-3.99,4300.33,-3.63,670.17,-1.61,3637.08,-4.18,4307.25,-3.79,-0.08,0.21,0.16
B2_O_L2_ST_W_0.6_0.8_TS2,664.35,-2.79,3601.59,-4.8,4265.9400000000005,-4.49,662.67,-2.8,3601.86,-4.72,4264.53,-4.43,662.25,-2.77,3613.28,-4.81,4275.53,-4.5,-0.06,0.32,0.26
B2_O_L2_ST_W_0.6_0.8_TS3,670.21,-1.94,3590.54,-5.09,4260.75,-4.61,668.51,-1.95,3591.89,-4.99,4260.4,-4.52,667.95,-1.94,3602.9,-5.08,4270.85,-4.6,-0.08,0.31,0.25
B2_O_L2_ST_W_0.6_1.0_TS2,664.08,-2.83,3651.7,-3.48,4315.78,-3.38,662.49,-2.83,3652.07,-3.4,4314.56,-3.31,661.85,-2.83,3662.49,-3.51,4324.34,-3.41,-0.1,0.29,0.23
B2_O_L2_ST_W_0.6_1.0_TS3,670.1,-1.95,3631.98,-4.0,4302.08,-3.68,668.53,-1.94,3631.84,-3.93,4300.37,-3.63,668.04,-1.92,3641.31,-4.07,4309.35,-3.74,-0.07,0.26,0.21
B2_R_L1_Base_S_0.12_5.9_TS1,2741.13,0.0,955.12,0.0,3696.25,0.0,2739.54,0.0,951.81,0.0,3691.35,0.0,2745.96,0.0,940.37,0.0,3686.33,0.0,0.23,-1.2,-0.14
B2_R_L2_Base_S_0.12_5.9_TS1,733.14,0.0,5600.36,0.0,6333.5,0.0,731.39,0.0,5601.87,0.0,6333.26,0.0,730.27,0.0,5608.55,0.0,6338.82,0.0,-0.15,0.12,0.09
B2_R_L1_DG_E_0.2_0.8_TS2,2444.78,-10.81,844.39,-11.59,3289.17,-11.01,2562.51,-6.46,824.46,-13.38,3386.9700000000003,-8.25,2567.52,-6.5,807.04,-14.18,3374.56,-8.46,0.2,-2.11,-0.37
B2_R_L1_DG_E_0.2_0.8_TS3,2497.58,-8.89,853.16,-10.68,3350.74,-9.35,2628.72,-4.05,828.4,-12.97,3457.12,-6.35,2627.98,-4.3,814.29,-13.41,3442.27,-6.62,-0.03,-1.7,-0.43
B2_R_L1_DG_E_0.2_2.3_TS2,2593.95,-5.37,830.51,-13.05,3424.46,-7.35,2592.2,-5.38,827.81,-13.03,3420.0099999999998,-7.35,2597.07,-5.42,813.75,-13.46,3410.82,-7.47,0.19,-1.7,-0.27
B2_R_L1_DG_E_0.2_2.3_TS3,2647.91,-3.4,841.29,-11.92,3489.2,-5.6,2646.47,-3.4,839.28,-11.82,3485.75,-5.57,2650.52,-3.48,823.98,-12.38,3474.5,-5.75,0.15,-1.82,-0.32
B2_R_L1_DG_E_0.6_0.8_TS2,2722.05,-0.7,778.97,-18.44,3501.0200000000004,-5.28,3102.36,13.24,730.48,-23.25,3832.84,3.83,3110.57,13.28,723.53,-23.06,3834.1,4.01,0.26,-0.95,0.03
B2_R_L1_DG_E_0.6_0.8_TS3,2787.87,1.71,784.44,-17.87,3572.31,-3.35,3193.04,16.55,747.32,-21.48,3940.36,6.75,3200.61,16.56,730.49,-22.32,3931.1,6.64,0.24,-2.25,-0.24
B2_R_L1_DG_E_0.6_2.3_TS2,3184.42,16.17,753.16,-21.14,3937.58,6.53,3181.89,16.15,754.4,-20.74,3936.29,6.64,3189.1,16.14,743.93,-20.89,3933.03,6.69,0.23,-1.39,-0.08
B2_R_L1_DG_E_0.6_2.3_TS3,3277.22,19.56,768.84,-19.5,4046.06,9.46,3274.3,19.52,761.62,-19.98,4035.92,9.33,3279.07,19.41,754.12,-19.81,4033.19,9.41,0.15,-0.98,-0.07
B2_R_L1_DG_S_0.2_0.8_TS2,2595.03,-5.33,937.11,-1.89,3532.1400000000003,-4.44,2684.96,-1.99,907.95,-4.61,3592.91,-2.67,2690.59,-2.02,892.91,-5.05,3583.5,-2.79,0.21,-1.66,-0.26
B2_R_L1_DG_S_0.2_0.8_TS3,2644.26,-3.53,944.85,-1.08,3589.11,-2.9,2744.12,0.17,912.56,-4.12,3656.68,-0.94,2749.81,0.14,907.58,-3.49,3657.39,-0.79,0.21,-0.55,0.02
B2_R_L1_DG_S_0.2_2.3_TS2,2705.72,-1.29,914.52,-4.25,3620.24,-2.06,2704.09,-1.29,910.74,-4.31,3614.83,-2.07,2709.58,-1.32,901.46,-4.14,3611.04,-2.04,0.2,-1.02,-0.1
B2_R_L1_DG_S_0.2_2.3_TS3,2769.1,1.02,930.09,-2.62,3699.19,0.08,2767.13,1.01,929.8,-2.31,3696.9300000000003,0.15,2772.81,0.98,912.44,-2.97,3685.25,-0.03,0.21,-1.87,-0.32
B2_R_L1_DG_S_0.6_0.8_TS2,2834.2,3.4,854.05,-10.58,3688.25,-0.22,3119.0,13.85,811.9,-14.7,3930.9,6.49,3124.95,13.8,799.14,-15.02,3924.09,6.45,0.19,-1.57,-0.17
B2_R_L1_DG_S_0.6_0.8_TS3,2906.94,6.05,870.41,-8.87,3777.35,2.19,3247.46,18.54,829.65,-12.83,4077.11,10.45,3252.79,18.46,814.69,-13.36,4067.48,10.34,0.16,-1.8,-0.24
B2_R_L1_DG_S_0.6_2.3_TS2,3170.24,15.65,818.54,-14.3,3988.7799999999997,7.91,3166.52,15.59,814.89,-14.39,3981.41,7.86,3172.88,15.55,806.94,-14.19,3979.82,7.96,0.2,-0.98,-0.04
B2_R_L1_DG_S_0.6_2.3_TS3,3319.46,21.1,839.36,-12.12,4158.82,12.51,3316.12,21.05,841.41,-11.6,4157.53,12.63,3321.98,20.98,829.13,-11.83,4151.11,12.61,0.18,-1.46,-0.15
B2_R_L1_DG_W_0.2_0.8_TS2,2564.38,-6.45,830.03,-13.1,3394.41,-8.17,2623.06,-4.25,814.62,-14.41,3437.68,-6.87,2626.4,-4.35,798.95,-15.04,3425.35,-7.08,0.13,-1.92,-0.36
B2_R_L1_DG_W_0.2_0.8_TS3,2612.25,-4.7,842.16,-11.83,3454.41,-6.54,2681.82,-2.11,827.3,-13.08,3509.12,-4.94,2685.18,-2.21,803.3,-14.58,3488.48,-5.37,0.13,-2.9,-0.59
B2_R_L1_DG_W_0.2_2.3_TS2,2633.86,-3.91,830.32,-13.07,3464.1800000000003,-6.28,2632.08,-3.92,821.7,-13.67,3453.7799999999997,-6.44,2635.88,-4.01,815.24,-13.31,3451.12,-6.38,0.14,-0.79,-0.08
B2_R_L1_DG_W_0.2_2.3_TS3,2693.71,-1.73,840.0,-12.05,3533.71,-4.4,2692.02,-1.73,841.8,-11.56,3533.8199999999997,-4.27,2695.88,-1.82,821.47,-12.64,3517.35,-4.58,0.14,-2.42,-0.47
B2_R_L1_DG_W_0.6_0.8_TS2,2737.03,-0.15,777.39,-18.61,3514.42,-4.92,2915.5,6.42,740.32,-22.22,3655.82,-0.96,2918.86,6.3,726.54,-22.74,3645.4,-1.11,0.12,-1.86,-0.29
B2_R_L1_DG_W_0.6_0.8_TS3,2806.65,2.39,788.31,-17.46,3594.96,-2.74,2998.67,9.46,755.04,-20.67,3753.71,1.69,3003.49,9.38,747.09,-20.55,3750.58,1.74,0.16,-1.05,-0.08
B2_R_L1_DG_W_0.6_2.3_TS2,2918.22,6.46,763.58,-20.05,3681.7999999999997,-0.39,2916.32,6.45,765.94,-19.53,3682.26,-0.25,2921.18,6.38,751.67,-20.07,3672.85,-0.37,0.17,-1.86,-0.26
B2_R_L1_DG_W_0.6_2.3_TS3,3015.92,10.02,782.48,-18.08,3798.4,2.76,3013.97,10.02,787.45,-17.27,3801.42,2.98,3018.64,9.93,772.71,-17.83,3791.35,2.85,0.15,-1.87,-0.26
B2_R_L2_DG_E_0.2_0.8_TS2,613.51,-16.32,5462.02,-2.47,6075.530000000001,-4.07,665.21,-9.05,5413.3,-3.37,6078.51,-4.02,663.71,-9.11,5419.47,-3.37,6083.18,-4.03,-0.23,0.11,0.08
B2_R_L2_DG_E_0.2_0.8_TS3,662.63,-9.62,5417.49,-3.27,6080.12,-4.0,721.48,-1.35,5370.21,-4.14,6091.6900000000005,-3.81,719.74,-1.44,5375.39,-4.16,6095.13,-3.84,-0.24,0.1,0.06
B2_R_L2_DG_E_0.2_1.0_TS2,611.37,-16.61,5473.36,-2.27,6084.73,-3.93,668.12,-8.65,5431.22,-3.05,6099.34,-3.69,666.44,-8.74,5438.62,-3.03,6105.06,-3.69,-0.25,0.14,0.09
B2_R_L2_DG_E_0.2_1.0_TS3,660.35,-9.93,5429.73,-3.05,6090.08,-3.84,724.92,-0.88,5388.16,-3.81,6113.08,-3.48,723.06,-0.99,5393.07,-3.84,6116.13,-3.51,-0.26,0.09,0.05
B2_R_L2_DG_E_0.6_0.8_TS2,760.42,3.72,5310.74,-5.17,6071.16,-4.14,949.54,29.83,5183.08,-7.48,6132.62,-3.17,947.47,29.74,5188.61,-7.49,6136.08,-3.2,-0.22,0.11,0.06
B2_R_L2_DG_E_0.6_0.8_TS3,828.86,13.06,5272.14,-5.86,6101.0,-3.67,1037.64,41.87,5145.23,-8.15,6182.87,-2.37,1035.88,41.85,5150.28,-8.17,6186.16,-2.41,-0.17,0.1,0.05
B2_R_L2_DG_E_0.6_1.0_TS2,750.9,2.42,5342.73,-4.6,6093.629999999999,-3.79,958.49,31.05,5235.67,-6.54,6194.16,-2.2,956.5,30.98,5239.9,-6.57,6196.4,-2.25,-0.21,0.08,0.04
B2_R_L2_DG_E_0.6_1.0_TS3,818.86,11.69,5304.86,-5.28,6123.719999999999,-3.31,1046.94,43.14,5193.4,-7.29,6240.34,-1.47,1045.39,43.15,5198.15,-7.32,6243.54,-1.5,-0.15,0.09,0.05
B2_R_L2_DG_S_0.2_0.8_TS2,664.16,-9.41,5521.04,-1.42,6185.2,-2.34,712.87,-2.53,5439.68,-2.9,6152.55,-2.85,710.59,-2.69,5444.39,-2.93,6154.98,-2.9,-0.32,0.09,0.04
B2_R_L2_DG_S_0.2_0.8_TS3,718.17,-2.04,5476.54,-2.21,6194.71,-2.19,775.58,6.04,5394.33,-3.7,6169.91,-2.58,773.95,5.98,5399.24,-3.73,6173.19,-2.61,-0.21,0.09,0.05
B2_R_L2_DG_S_0.2_1.0_TS2,661.97,-9.71,5532.09,-1.22,6194.06,-2.2,713.63,-2.43,5456.35,-2.6,6169.9800000000005,-2.58,711.25,-2.6,5461.4,-2.62,6172.65,-2.62,-0.33,0.09,0.04
B2_R_L2_DG_S_0.2_1.0_TS3,715.6,-2.39,5487.6,-2.01,6203.200000000001,-2.06,777.65,6.32,5411.03,-3.41,6188.679999999999,-2.28,775.67,6.22,5414.78,-3.45,6190.45,-2.34,-0.25,0.07,0.03
B2_R_L2_DG_S_0.6_0.8_TS2,836.83,14.14,5261.25,-6.06,6098.08,-3.72,1002.17,37.02,5055.86,-9.75,6058.03,-4.35,999.89,36.92,5060.39,-9.77,6060.28,-4.39,-0.23,0.09,0.04
B2_R_L2_DG_S_0.6_0.8_TS3,908.82,23.96,5225.31,-6.7,6134.13,-3.15,1092.48,49.37,5026.91,-10.26,6119.389999999999,-3.38,1089.84,49.24,5030.69,-10.3,6120.53,-3.44,-0.24,0.08,0.02
B2_R_L2_DG_S_0.6_1.0_TS2,826.96,12.8,5294.7,-5.46,6121.66,-3.34,991.21,35.52,5101.16,-8.94,6092.37,-3.8,989.0,35.43,5102.72,-9.02,6091.72,-3.9,-0.22,0.03,-0.01
B2_R_L2_DG_S_0.6_1.0_TS3,897.85,22.47,5259.06,-6.09,6156.910000000001,-2.79,1087.77,48.73,5068.51,-9.52,6156.280000000001,-2.79,1085.61,48.66,5073.89,-9.53,6159.5,-2.83,-0.2,0.11,0.05
B2_R_L2_DG_W_0.2_0.8_TS2,633.98,-13.53,5441.29,-2.84,6075.27,-4.08,669.95,-8.4,5395.02,-3.69,6064.97,-4.24,668.07,-8.52,5400.99,-3.7,6069.06,-4.26,-0.28,0.11,0.07
B2_R_L2_DG_W_0.2_0.8_TS3,686.25,-6.4,5396.24,-3.64,6082.49,-3.96,728.37,-0.41,5350.58,-4.49,6078.95,-4.02,726.24,-0.55,5357.95,-4.47,6084.19,-4.02,-0.29,0.14,0.09
B2_R_L2_DG_W_0.2_1.0_TS2,632.47,-13.73,5450.66,-2.67,6083.13,-3.95,671.18,-8.23,5414.22,-3.35,6085.400000000001,-3.91,669.5,-8.32,5419.94,-3.36,6089.44,-3.93,-0.25,0.11,0.07
B2_R_L2_DG_W_0.2_1.0_TS3,660.35,-9.93,5429.73,-3.05,6090.08,-3.84,730.21,-0.16,5368.66,-4.16,6098.87,-3.7,728.25,-0.28,5374.21,-4.18,6102.46,-3.73,-0.27,0.1,0.06
B2_R_L2_DG_W_0.6_0.8_TS2,751.88,2.56,5294.82,-5.46,6046.7,-4.53,846.5,15.74,5171.92,-7.68,6018.42,-4.97,843.9,15.56,5177.32,-7.69,6021.22,-5.01,-0.31,0.1,0.05
B2_R_L2_DG_W_0.6_0.8_TS3,813.92,11.02,5257.92,-6.11,6071.84,-4.13,919.63,25.74,5135.28,-8.33,6054.91,-4.4,917.49,25.64,5141.38,-8.33,6058.87,-4.42,-0.23,0.12,0.07
B2_R_L2_DG_W_0.6_1.0_TS2,743.38,1.4,5328.7,-4.85,6072.08,-4.13,839.04,14.72,5225.58,-6.72,6064.62,-4.24,836.99,14.61,5229.22,-6.76,6066.21,-4.3,-0.24,0.07,0.03
B2_R_L2_DG_W_0.6_1.0_TS3,807.23,10.11,5290.8,-5.53,6098.030000000001,-3.72,914.48,25.03,5186.06,-7.42,6100.540000000001,-3.67,912.34,24.93,5192.2,-7.42,6104.54,-3.7,-0.23,0.12,0.07
B2_R_L1_DS_E_0.2_0.8_TS2,2943.6,7.39,758.07,-20.63,3701.67,0.15,3313.45,20.95,723.1,-24.03,4036.5499999999997,9.35,3323.86,21.05,704.43,-25.09,4028.29,9.28,0.31,-2.58,-0.2
B2_R_L1_DS_E_0.2_2.3_TS2,3339.43,21.83,738.91,-22.64,4078.3399999999997,10.34,3336.39,21.79,743.2,-21.92,4079.59,10.52,3346.25,21.86,730.96,-22.27,4077.21,10.6,0.3,-1.65,-0.06
B2_R_L1_DS_E_0.6_0.8_TS2,3351.29,22.26,723.37,-24.26,4074.66,10.24,4113.42,50.15,673.24,-29.27,4786.66,29.67,4127.03,50.29,664.99,-29.28,4792.02,29.99,0.33,-1.23,0.11
B2_R_L1_DS_E_0.6_2.3_TS2,4162.35,51.85,702.91,-26.41,4865.26,31.63,4156.79,51.73,706.87,-25.73,4863.66,31.76,4174.3,52.02,691.86,-26.43,4866.16,32.01,0.42,-2.12,0.05
B2_R_L1_DS_S_0.2_0.8_TS2,3162.93,15.39,859.57,-10.0,4022.5,8.83,3577.3,30.58,838.72,-11.88,4416.02,19.63,3584.85,30.55,823.12,-12.47,4407.97,19.58,0.21,-1.86,-0.18
B2_R_L1_DS_S_0.2_2.3_TS2,3619.13,32.03,854.94,-10.49,4474.07,21.04,3615.69,31.98,851.84,-10.5,4467.53,21.03,3624.73,32.0,838.07,-10.88,4462.8,21.06,0.25,-1.62,-0.11
B2_R_L1_DS_S_0.6_0.8_TS2,3550.17,29.51,829.79,-13.12,4379.96,18.5,4319.5,57.67,779.8,-18.07,5099.3,38.14,4331.01,57.72,766.8,-18.46,5097.81,38.29,0.27,-1.67,-0.03
B2_R_L1_DS_S_0.6_2.3_TS2,4358.21,58.99,804.36,-15.78,5162.57,39.67,4353.64,58.92,802.3,-15.71,5155.9400000000005,39.68,4368.3,59.08,787.92,-16.21,5156.22,39.87,0.34,-1.79,0.01
B2_R_L1_DS_W_0.2_0.8_TS2,2946.34,7.49,755.8,-20.87,3702.1400000000003,0.16,3206.39,17.04,731.36,-23.16,3937.75,6.68,3214.25,17.05,712.21,-24.26,3926.46,6.51,0.25,-2.62,-0.29
B2_R_L1_DS_W_0.2_2.3_TS2,3209.55,17.09,748.08,-21.68,3957.63,7.07,3206.09,17.03,748.57,-21.35,3954.6600000000003,7.13,3215.01,17.08,734.43,-21.9,3949.44,7.14,0.28,-1.89,-0.13
B2_R_L1_DS_W_0.6_0.8_TS2,3259.55,18.91,730.93,-23.47,3990.48,7.96,3741.52,36.57,685.21,-28.01,4426.73,19.92,3749.8,36.56,676.77,-28.03,4426.57,20.08,0.22,-1.23,-0.0
B2_R_L1_DS_W_0.6_2.3_TS2,3730.94,36.11,712.06,-25.45,4443.0,20.2,3729.83,36.15,717.64,-24.6,4447.47,20.48,3741.19,36.24,704.52,-25.08,4445.71,20.6,0.3,-1.83,-0.04
B2_R_L2_DS_E_0.2_0.8_TS2,875.0,19.35,5486.41,-2.03,6361.41,0.44,1062.9,45.33,5331.84,-4.82,6394.74,0.97,1061.86,45.41,5335.39,-4.87,6397.25,0.92,-0.1,0.07,0.04
B2_R_L2_DS_E_0.2_1.0_TS2,865.63,18.07,5515.01,-1.52,6380.64,0.74,1061.36,45.12,5376.95,-4.02,6438.3099999999995,1.66,1060.77,45.26,5379.39,-4.09,6440.16,1.6,-0.06,0.05,0.03
B2_R_L2_DS_E_0.6_0.8_TS2,1115.45,52.15,5362.06,-4.26,6477.51,2.27,1482.57,102.71,5139.9,-8.25,6622.469999999999,4.57,1483.38,103.13,5139.78,-8.36,6623.16,4.49,0.05,-0.0,0.01
B2_R_L2_DS_E_0.6_1.0_TS2,1089.89,48.66,5427.62,-3.08,6517.51,2.91,1490.4,103.78,5232.79,-6.59,6723.1900000000005,6.16,1490.7,104.13,5235.54,-6.65,6726.24,6.11,0.02,0.05,0.05
B2_R_L2_DS_S_0.2_0.8_TS2,955.95,30.39,5513.63,-1.55,6469.58,2.15,1151.05,57.38,5347.58,-4.54,6498.63,2.61,1149.06,57.35,5352.05,-4.57,6501.11,2.56,-0.17,0.08,0.04
B2_R_L2_DS_S_0.2_1.0_TS2,946.7,29.13,5543.71,-1.01,6490.41,2.48,1146.39,56.74,5392.2,-3.74,6538.59,3.24,1143.34,56.56,5395.33,-3.8,6538.67,3.15,-0.27,0.06,0.0
B2_R_L2_DS_S_0.6_0.8_TS2,1200.49,63.75,5322.74,-4.96,6523.23,3.0,1567.2,114.28,5062.23,-9.63,6629.429999999999,4.68,1564.83,114.28,5062.87,-9.73,6627.7,4.56,-0.15,0.01,-0.03
B2_R_L2_DS_S_0.6_1.0_TS2,1175.37,60.32,5386.81,-3.81,6562.18,3.61,1566.36,114.16,5150.82,-8.05,6717.179999999999,6.06,1563.28,114.07,5151.24,-8.15,6714.52,5.93,-0.2,0.01,-0.04
B2_R_L2_DS_W_0.2_0.8_TS2,848.1,15.68,5456.46,-2.57,6304.56,-0.46,980.09,34.0,5298.8,-5.41,6278.89,-0.86,979.15,34.08,5301.85,-5.47,6281.0,-0.91,-0.1,0.06,0.03
B2_R_L2_DS_W_0.2_1.0_TS2,839.52,14.51,5486.6,-2.03,6326.120000000001,-0.12,969.81,32.6,5346.56,-4.56,6316.370000000001,-0.27,969.11,32.71,5348.49,-4.64,6317.6,-0.33,-0.07,0.04,0.02
B2_R_L2_DS_W_0.6_0.8_TS2,1031.99,40.76,5340.36,-4.64,6372.349999999999,0.61,1270.5,73.71,5114.23,-8.7,6384.73,0.81,1269.91,73.9,5114.57,-8.81,6384.48,0.72,-0.05,0.01,-0.0
B2_R_L2_DS_W_0.6_1.0_TS2,1009.45,37.69,5407.57,-3.44,6417.0199999999995,1.32,1247.02,70.5,5208.68,-7.02,6455.700000000001,1.93,1244.78,70.45,5209.98,-7.11,6454.76,1.83,-0.18,0.02,-0.01
B2_R_L1_MW_E_0.2_0.8_TS2,2788.85,1.74,824.4,-13.69,3613.25,-2.25,2787.03,1.73,824.66,-13.36,3611.69,-2.16,2793.19,1.72,809.38,-13.93,3602.57,-2.27,0.22,-1.85,-0.25
B2_R_L1_MW_E_0.2_0.8_TS3,2783.96,1.56,823.57,-13.77,3607.53,-2.4,2782.48,1.57,828.04,-13.0,3610.52,-2.19,2788.6,1.55,814.0,-13.44,3602.6,-2.27,0.22,-1.7,-0.22
B2_R_L1_MW_E_0.2_2.3_TS2,2749.22,0.3,836.39,-12.43,3585.6099999999997,-2.99,2748.52,0.33,839.82,-11.77,3588.34,-2.79,2756.65,0.39,823.91,-12.38,3580.56,-2.87,0.3,-1.89,-0.22
B2_R_L1_MW_E_0.2_2.3_TS3,2738.39,-0.1,841.78,-11.87,3580.17,-3.14,2736.95,-0.09,842.62,-11.47,3579.5699999999997,-3.03,2742.93,-0.11,824.62,-12.31,3567.55,-3.22,0.22,-2.14,-0.34
B2_R_L1_MW_E_0.6_0.8_TS2,3045.91,11.12,770.49,-19.33,3816.3999999999996,3.25,3044.5,11.13,767.41,-19.37,3811.91,3.27,3050.98,11.11,750.2,-20.22,3801.18,3.12,0.21,-2.24,-0.28
B2_R_L1_MW_E_0.6_0.8_TS3,2968.93,8.31,772.37,-19.13,3741.2999999999997,1.22,2967.45,8.32,779.21,-18.13,3746.66,1.5,2973.3,8.28,768.33,-18.29,3741.63,1.5,0.2,-1.4,-0.13
B2_R_L1_MW_E_0.6_2.3_TS2,2956.95,7.87,799.4,-16.3,3756.35,1.63,2954.99,7.86,797.9,-16.17,3752.89,1.67,2959.45,7.77,784.09,-16.62,3743.54,1.55,0.15,-1.73,-0.25
B2_R_L1_MW_E_0.6_2.3_TS3,2880.55,5.09,811.29,-15.06,3691.84,-0.12,2878.55,5.07,812.4,-14.65,3690.9500000000003,-0.01,2884.98,5.06,793.35,-15.63,3678.33,-0.22,0.22,-2.34,-0.34
B2_R_L1_MW_S_0.2_0.8_TS2,2930.61,6.91,902.32,-5.53,3832.9300000000003,3.7,2928.95,6.91,904.69,-4.95,3833.64,3.85,2935.73,6.91,895.39,-4.78,3831.12,3.93,0.23,-1.03,-0.07
B2_R_L1_MW_S_0.2_0.8_TS3,2875.28,4.89,918.66,-3.82,3793.94,2.64,2873.53,4.89,914.84,-3.88,3788.3700000000003,2.63,2880.63,4.9,907.02,-3.55,3787.65,2.75,0.25,-0.85,-0.02
B2_R_L1_MW_S_0.2_2.3_TS2,2922.29,6.61,914.7,-4.23,3836.99,3.81,2920.91,6.62,913.46,-4.03,3834.37,3.87,2927.35,6.61,903.15,-3.96,3830.5,3.91,0.22,-1.13,-0.1
B2_R_L1_MW_S_0.2_2.3_TS3,2895.84,5.64,924.52,-3.2,3820.36,3.36,2894.49,5.66,928.62,-2.44,3823.1099999999997,3.57,2900.82,5.64,915.91,-2.6,3816.73,3.54,0.22,-1.37,-0.17
B2_R_L1_MW_S_0.6_0.8_TS2,3166.15,15.51,853.66,-10.62,4019.81,8.75,3164.04,15.5,853.4,-10.34,4017.44,8.83,3167.88,15.37,843.53,-10.3,4011.41,8.82,0.12,-1.16,-0.15
B2_R_L1_MW_S_0.6_0.8_TS3,3036.88,10.79,885.14,-7.33,3922.02,6.11,3035.16,10.79,883.71,-7.15,3918.87,6.16,3039.49,10.69,872.17,-7.25,3911.66,6.11,0.14,-1.31,-0.18
B2_R_L1_MW_S_0.6_2.3_TS2,3121.06,13.86,870.33,-8.88,3991.39,7.98,3119.0,13.85,871.14,-8.48,3990.14,8.09,3125.15,13.81,860.55,-8.49,3985.7,8.12,0.2,-1.22,-0.11
B2_R_L1_MW_S_0.6_2.3_TS3,3023.05,10.28,908.54,-4.88,3931.59,6.37,3021.28,10.28,901.16,-5.32,3922.44,6.26,3025.76,10.19,893.93,-4.94,3919.69,6.33,0.15,-0.8,-0.07
B2_R_L1_MW_W_0.2_0.8_TS2,2878.72,5.02,817.21,-14.44,3695.93,-0.01,2877.54,5.04,817.92,-14.07,3695.46,0.11,2883.78,5.02,804.62,-14.44,3688.4,0.06,0.22,-1.63,-0.19
B2_R_L1_MW_W_0.2_0.8_TS3,2837.37,3.51,822.9,-13.84,3660.27,-0.97,2835.63,3.51,823.84,-13.44,3659.4700000000003,-0.86,2841.14,3.47,809.55,-13.91,3650.69,-0.97,0.19,-1.73,-0.24
B2_R_L1_MW_W_0.2_2.3_TS2,2882.93,5.17,830.42,-13.06,3713.35,0.46,2882.33,5.21,831.24,-12.67,3713.5699999999997,0.6,2886.65,5.12,815.95,-13.23,3702.6,0.44,0.15,-1.84,-0.3
B2_R_L1_MW_W_0.2_2.3_TS3,2838.19,3.54,833.61,-12.72,3671.8,-0.66,2837.37,3.57,831.85,-12.6,3669.22,-0.6,2843.8,3.56,818.07,-13.01,3661.87,-0.66,0.23,-1.66,-0.2
B2_R_L1_MW_W_0.6_0.8_TS2,3117.82,13.74,768.38,-19.55,3886.2000000000003,5.14,3116.48,13.76,768.93,-19.21,3885.41,5.26,3120.61,13.64,754.15,-19.8,3874.76,5.11,0.13,-1.92,-0.27
B2_R_L1_MW_W_0.6_0.8_TS3,2999.62,9.43,783.25,-17.99,3782.87,2.34,2998.4,9.45,782.25,-17.81,3780.65,2.42,3004.61,9.42,771.32,-17.98,3775.93,2.43,0.21,-1.4,-0.12
B2_R_L1_MW_W_0.6_2.3_TS2,3081.57,12.42,800.39,-16.2,3881.96,5.02,3080.59,12.45,799.75,-15.98,3880.34,5.12,3084.87,12.34,783.61,-16.67,3868.48,4.94,0.14,-2.02,-0.31
B2_R_L1_MW_W_0.6_2.3_TS3,2988.66,9.03,815.37,-14.63,3804.0299999999997,2.92,2987.03,9.03,813.39,-14.54,3800.42,2.95,2991.82,8.95,797.07,-15.24,3788.89,2.78,0.16,-2.01,-0.3
B2_R_L2_MW_E_0.2_0.8_TS2,770.39,5.08,5476.65,-2.21,6247.04,-1.37,768.5,5.07,5478.58,-2.2,6247.08,-1.36,767.49,5.1,5486.39,-2.18,6253.88,-1.34,-0.13,0.14,0.11
B2_R_L2_MW_E_0.2_0.8_TS3,762.08,3.95,5475.98,-2.22,6238.0599999999995,-1.51,760.23,3.94,5475.96,-2.25,6236.1900000000005,-1.53,759.33,3.98,5485.39,-2.2,6244.72,-1.48,-0.12,0.17,0.14
B2_R_L2_MW_E_0.2_1.0_TS2,769.34,4.94,5496.42,-1.86,6265.76,-1.07,767.61,4.95,5496.9,-1.87,6264.509999999999,-1.09,766.49,4.96,5506.39,-1.82,6272.88,-1.04,-0.15,0.17,0.13
B2_R_L2_MW_E_0.2_1.0_TS3,758.48,3.46,5492.28,-1.93,6250.76,-1.31,756.56,3.44,5490.86,-1.98,6247.42,-1.36,755.63,3.47,5501.03,-1.92,6256.66,-1.3,-0.12,0.19,0.15
B2_R_L2_MW_E_0.6_0.8_TS2,960.15,30.96,5318.07,-5.04,6278.219999999999,-0.87,958.36,31.03,5318.56,-5.06,6276.92,-0.89,956.61,30.99,5328.07,-5.0,6284.68,-0.85,-0.18,0.18,0.12
B2_R_L2_MW_E_0.6_0.8_TS3,906.22,23.61,5320.34,-5.0,6226.56,-1.69,904.43,23.66,5320.22,-5.03,6224.650000000001,-1.71,902.72,23.61,5329.71,-4.97,6232.43,-1.68,-0.19,0.18,0.12
B2_R_L2_MW_E_0.6_1.0_TS2,951.65,29.8,5380.34,-3.93,6331.99,-0.02,949.95,29.88,5378.89,-3.98,6328.84,-0.07,948.23,29.85,5388.7,-3.92,6336.93,-0.03,-0.18,0.18,0.13
B2_R_L2_MW_E_0.6_1.0_TS3,888.05,21.13,5371.36,-4.09,6259.41,-1.17,886.45,21.2,5370.66,-4.13,6257.11,-1.2,884.93,21.18,5381.62,-4.05,6266.55,-1.14,-0.17,0.2,0.15
B2_R_L2_MW_S_0.2_0.8_TS2,822.61,12.2,5471.86,-2.29,6294.469999999999,-0.62,820.83,12.23,5471.86,-2.32,6292.69,-0.64,819.53,12.22,5482.24,-2.25,6301.77,-0.58,-0.16,0.19,0.14
B2_R_L2_MW_S_0.2_0.8_TS3,805.36,9.85,5485.64,-2.05,6291.0,-0.67,803.76,9.89,5485.86,-2.07,6289.62,-0.69,801.8,9.8,5496.03,-2.01,6297.83,-0.65,-0.24,0.19,0.13
B2_R_L2_MW_S_0.2_1.0_TS2,825.06,12.54,5490.65,-1.96,6315.709999999999,-0.28,823.57,12.6,5490.61,-1.99,6314.179999999999,-0.3,821.86,12.54,5500.76,-1.92,6322.62,-0.26,-0.21,0.18,0.13
B2_R_L2_MW_S_0.2_1.0_TS3,801.75,9.36,5502.69,-1.74,6304.44,-0.46,800.12,9.4,5502.91,-1.77,6303.03,-0.48,798.85,9.39,5512.92,-1.71,6311.77,-0.43,-0.16,0.18,0.14
B2_R_L2_MW_S_0.6_0.8_TS2,999.18,36.29,5219.65,-6.8,6218.83,-1.81,997.72,36.41,5219.55,-6.82,6217.27,-1.83,995.12,36.27,5229.66,-6.76,6224.78,-1.8,-0.26,0.19,0.12
B2_R_L2_MW_S_0.6_0.8_TS3,935.15,27.55,5281.19,-5.7,6216.339999999999,-1.85,933.46,27.63,5280.82,-5.73,6214.28,-1.88,931.28,27.53,5290.9,-5.66,6222.18,-1.84,-0.23,0.19,0.13
B2_R_L2_MW_S_0.6_1.0_TS2,996.24,35.89,5274.65,-5.82,6270.889999999999,-0.99,994.65,35.99,5274.88,-5.84,6269.53,-1.01,992.28,35.88,5284.62,-5.78,6276.9,-0.98,-0.24,0.18,0.12
B2_R_L2_MW_S_0.6_1.0_TS3,923.19,25.92,5334.05,-4.76,6257.24,-1.2,921.44,25.98,5334.37,-4.78,6255.8099999999995,-1.22,919.31,25.89,5344.02,-4.72,6263.33,-1.19,-0.23,0.18,0.12
B2_R_L2_MW_W_0.2_0.8_TS2,771.5,5.23,5459.58,-2.51,6231.08,-1.62,769.79,5.25,5459.38,-2.54,6229.17,-1.64,768.61,5.25,5469.65,-2.48,6238.26,-1.59,-0.15,0.19,0.15
B2_R_L2_MW_W_0.2_0.8_TS3,758.42,3.45,5454.86,-2.6,6213.28,-1.9,756.69,3.46,5455.16,-2.62,6211.85,-1.92,755.31,3.43,5465.01,-2.56,6220.32,-1.87,-0.18,0.18,0.14
B2_R_L2_MW_W_0.2_1.0_TS2,776.34,5.89,5477.1,-2.2,6253.4400000000005,-1.26,774.63,5.91,5477.86,-2.21,6252.49,-1.28,773.2,5.88,5486.64,-2.17,6259.84,-1.25,-0.18,0.16,0.12
B2_R_L2_MW_W_0.2_1.0_TS3,755.52,3.05,5471.94,-2.29,6227.459999999999,-1.67,753.82,3.07,5471.72,-2.32,6225.54,-1.7,752.83,3.09,5481.27,-2.27,6234.1,-1.65,-0.13,0.17,0.14
B2_R_L2_MW_W_0.6_0.8_TS2,935.86,27.65,5300.46,-5.36,6236.32,-1.53,934.14,27.72,5300.76,-5.38,6234.900000000001,-1.55,932.15,27.64,5309.54,-5.33,6241.69,-1.53,-0.21,0.17,0.11
B2_R_L2_MW_W_0.6_0.8_TS3,879.95,20.02,5304.84,-5.28,6184.79,-2.35,878.23,20.08,5305.03,-5.3,6183.26,-2.37,876.58,20.04,5315.43,-5.23,6192.01,-2.32,-0.19,0.2,0.14
B2_R_L2_MW_W_0.6_1.0_TS2,935.73,27.63,5361.76,-4.26,6297.49,-0.57,933.91,27.69,5362.44,-4.27,6296.349999999999,-0.58,931.57,27.57,5371.97,-4.22,6303.54,-0.56,-0.25,0.18,0.11
B2_R_L2_MW_W_0.6_1.0_TS3,868.75,18.5,5355.69,-4.37,6224.44,-1.72,866.97,18.54,5355.88,-4.39,6222.85,-1.74,864.86,18.43,5365.03,-4.34,6229.89,-1.72,-0.24,0.17,0.11
B2_R_L1_ST_E_0.2_0.8_TS2,2752.65,0.42,753.13,-21.15,3505.78,-5.15,2751.24,0.43,750.27,-21.17,3501.5099999999998,-5.14,2757.62,0.42,738.3,-21.49,3495.92,-5.17,0.23,-1.6,-0.16
B2_R_L1_ST_E_0.2_0.8_TS3,2762.37,0.77,753.47,-21.11,3515.84,-4.88,2760.45,0.76,746.72,-21.55,3507.17,-4.99,2766.25,0.74,741.39,-21.16,3507.64,-4.85,0.21,-0.71,0.01
B2_R_L1_ST_E_0.2_2.3_TS2,2782.35,1.5,820.49,-14.1,3602.84,-2.53,2781.14,1.52,817.98,-14.06,3599.12,-2.5,2786.45,1.47,802.48,-14.66,3588.93,-2.64,0.19,-1.89,-0.28
B2_R_L1_ST_E_0.2_2.3_TS3,2799.05,2.11,814.66,-14.71,3613.71,-2.23,2797.96,2.13,810.91,-14.8,3608.87,-2.23,2803.68,2.1,796.53,-15.3,3600.21,-2.34,0.2,-1.77,-0.24
B2_R_L1_ST_E_0.6_0.8_TS2,2831.57,3.3,712.45,-25.41,3544.0200000000004,-4.12,2829.92,3.3,717.86,-24.58,3547.78,-3.89,2836.28,3.29,706.48,-24.87,3542.76,-3.89,0.22,-1.59,-0.14
B2_R_L1_ST_E_0.6_0.8_TS3,2851.51,4.03,721.91,-24.42,3573.42,-3.32,2849.86,4.03,725.46,-23.78,3575.32,-3.14,2856.02,4.01,711.28,-24.36,3567.3,-3.23,0.22,-1.95,-0.22
B2_R_L1_ST_E_0.6_2.3_TS2,2813.87,2.65,777.76,-18.57,3591.63,-2.83,2812.44,2.66,775.5,-18.52,3587.94,-2.8,2818.66,2.65,763.45,-18.81,3582.11,-2.83,0.22,-1.55,-0.16
B2_R_L1_ST_E_0.6_2.3_TS3,2849.07,3.94,781.66,-18.16,3630.73,-1.77,2847.4,3.94,780.6,-17.99,3628.0,-1.72,2853.57,3.92,765.22,-18.63,3618.79,-1.83,0.22,-1.97,-0.25
B2_R_L1_ST_S_0.2_0.8_TS2,2940.58,7.28,867.26,-9.2,3807.84,3.02,2938.87,7.28,870.58,-8.53,3809.45,3.2,2945.78,7.28,856.97,-8.87,3802.75,3.16,0.24,-1.56,-0.18
B2_R_L1_ST_S_0.2_0.8_TS3,2953.07,7.73,874.58,-8.43,3827.65,3.55,2952.0,7.76,878.73,-7.68,3830.73,3.78,2958.17,7.73,864.49,-8.07,3822.66,3.7,0.21,-1.62,-0.21
B2_R_L1_ST_S_0.2_2.3_TS2,2955.23,7.81,906.87,-5.05,3862.1,4.49,2954.28,7.84,910.84,-4.3,3865.1200000000003,4.71,2960.56,7.82,896.69,-4.64,3857.25,4.64,0.21,-1.55,-0.2
B2_R_L1_ST_S_0.2_2.3_TS3,2976.59,8.59,915.97,-4.1,3892.5600000000004,5.31,2975.34,8.61,909.78,-4.42,3885.12,5.25,2981.0,8.56,897.99,-4.51,3878.99,5.23,0.19,-1.3,-0.16
B2_R_L1_ST_S_0.6_0.8_TS2,3014.19,9.96,838.31,-12.23,3852.5,4.23,3012.63,9.97,841.21,-11.62,3853.84,4.4,3018.95,9.94,829.94,-11.74,3848.89,4.41,0.21,-1.34,-0.13
B2_R_L1_ST_S_0.6_0.8_TS3,3042.38,10.99,848.95,-11.12,3891.33,5.28,3040.5,10.99,850.29,-10.67,3890.79,5.4,3046.38,10.94,839.87,-10.69,3886.25,5.42,0.19,-1.23,-0.12
B2_R_L1_ST_S_0.6_2.3_TS2,2982.43,8.8,863.4,-9.6,3845.83,4.05,2981.07,8.82,876.37,-7.93,3857.44,4.5,2987.41,8.79,859.28,-8.62,3846.69,4.35,0.21,-1.95,-0.28
B2_R_L1_ST_S_0.6_2.3_TS3,3028.94,10.5,897.93,-5.99,3926.87,6.24,3027.34,10.51,896.75,-5.78,3924.09,6.31,3033.46,10.47,880.52,-6.36,3913.98,6.18,0.2,-1.81,-0.26
B2_R_L1_ST_W_0.2_0.8_TS2,2884.31,5.22,753.17,-21.14,3637.48,-1.59,2883.09,5.24,753.39,-20.85,3636.48,-1.49,2889.48,5.23,739.7,-21.34,3629.18,-1.55,0.22,-1.82,-0.2
B2_R_L1_ST_W_0.2_0.8_TS3,2897.29,5.7,756.12,-20.84,3653.41,-1.16,2896.36,5.72,762.39,-19.9,3658.75,-0.88,2902.74,5.71,743.78,-20.91,3646.52,-1.08,0.22,-2.44,-0.33
B2_R_L1_ST_W_0.2_2.3_TS2,2882.26,5.15,819.73,-14.18,3701.9900000000002,0.16,2881.17,5.17,816.77,-14.19,3697.94,0.18,2887.66,5.16,803.86,-14.52,3691.52,0.14,0.23,-1.58,-0.17
B2_R_L1_ST_W_0.2_2.3_TS3,2901.39,5.85,814.25,-14.75,3715.64,0.52,2900.95,5.89,819.07,-13.95,3720.02,0.78,2907.19,5.87,803.74,-14.53,3710.93,0.67,0.22,-1.87,-0.24
B2_R_L1_ST_W_0.6_0.8_TS2,2951.48,7.67,730.98,-23.47,3682.46,-0.37,2950.24,7.69,729.32,-23.38,3679.56,-0.32,2956.01,7.65,718.39,-23.61,3674.4,-0.32,0.2,-1.5,-0.14
B2_R_L1_ST_W_0.6_0.8_TS3,2975.95,8.57,741.35,-22.38,3717.2999999999997,0.57,2974.65,8.58,740.1,-22.24,3714.75,0.63,2981.14,8.56,729.07,-22.47,3710.21,0.65,0.22,-1.49,-0.12
B2_R_L1_ST_W_0.6_2.3_TS2,2913.33,6.28,787.17,-17.58,3700.5,0.11,2911.82,6.29,788.87,-17.12,3700.69,0.25,2917.31,6.24,774.64,-17.62,3691.95,0.15,0.19,-1.8,-0.24
B2_R_L1_ST_W_0.6_2.3_TS3,2956.95,7.87,801.73,-16.06,3758.68,1.69,2955.58,7.89,802.14,-15.72,3757.72,1.8,2961.86,7.86,787.12,-16.3,3748.98,1.7,0.21,-1.87,-0.23
B2_R_L2_ST_E_0.2_0.8_TS2,727.23,-0.81,5412.89,-3.35,6140.120000000001,-3.05,725.37,-0.82,5411.74,-3.39,6137.11,-3.1,724.68,-0.77,5421.94,-3.33,6146.62,-3.03,-0.1,0.19,0.15
B2_R_L2_ST_E_0.2_0.8_TS3,735.38,0.31,5400.0,-3.58,6135.38,-3.13,734.11,0.37,5399.63,-3.61,6133.74,-3.15,732.98,0.37,5409.24,-3.55,6142.22,-3.1,-0.15,0.18,0.14
B2_R_L2_ST_E_0.2_1.0_TS2,721.9,-1.53,5467.23,-2.38,6189.129999999999,-2.28,720.35,-1.51,5467.4,-2.4,6187.75,-2.3,719.39,-1.49,5476.73,-2.35,6196.12,-2.25,-0.13,0.17,0.14
B2_R_L2_ST_E_0.2_1.0_TS3,733.44,0.04,5449.41,-2.7,6182.85,-2.38,732.03,0.09,5450.14,-2.71,6182.17,-2.39,731.22,0.13,5457.82,-2.69,6189.04,-2.36,-0.11,0.14,0.11
B2_R_L2_ST_E_0.6_0.8_TS2,755.24,3.01,5362.51,-4.25,6117.75,-3.41,753.17,2.98,5362.42,-4.27,6115.59,-3.44,752.67,3.07,5371.06,-4.23,6123.73,-3.39,-0.07,0.16,0.13
B2_R_L2_ST_E_0.6_0.8_TS3,773.05,5.44,5350.62,-4.46,6123.67,-3.31,771.36,5.46,5350.14,-4.49,6121.5,-3.34,770.42,5.5,5359.07,-4.45,6129.49,-3.3,-0.12,0.17,0.13
B2_R_L2_ST_E_0.6_1.0_TS2,741.15,1.09,5482.85,-2.1,6224.0,-1.73,739.26,1.08,5483.11,-2.12,6222.37,-1.75,738.47,1.12,5492.72,-2.07,6231.19,-1.7,-0.11,0.18,0.14
B2_R_L2_ST_E_0.6_1.0_TS3,768.87,4.87,5451.49,-2.66,6220.36,-1.79,767.08,4.88,5450.73,-2.7,6217.8099999999995,-1.82,766.23,4.92,5460.65,-2.64,6226.88,-1.77,-0.11,0.18,0.15
B2_R_L2_ST_S_0.2_0.8_TS2,793.75,8.27,5443.97,-2.79,6237.72,-1.51,792.26,8.32,5443.74,-2.82,6236.0,-1.54,791.17,8.34,5451.76,-2.8,6242.93,-1.51,-0.14,0.15,0.11
B2_R_L2_ST_S_0.2_0.8_TS3,813.3,10.93,5515.03,-1.52,6328.33,-0.08,811.7,10.98,5512.7,-1.59,6324.4,-0.14,810.82,11.03,5522.8,-1.53,6333.62,-0.08,-0.11,0.18,0.15
B2_R_L2_ST_S_0.2_1.0_TS2,786.48,7.28,5498.95,-1.81,6285.43,-0.76,784.8,7.3,5498.05,-1.85,6282.85,-0.8,783.31,7.26,5507.76,-1.8,6291.07,-0.75,-0.19,0.18,0.13
B2_R_L2_ST_S_0.2_1.0_TS3,799.46,9.05,5483.86,-2.08,6283.32,-0.79,798.02,9.11,5482.97,-2.12,6280.99,-0.83,796.91,9.13,5492.07,-2.08,6288.98,-0.79,-0.14,0.17,0.13
B2_R_L2_ST_S_0.6_0.8_TS2,817.85,11.55,5288.31,-5.57,6106.160000000001,-3.59,816.21,11.6,5288.11,-5.6,6104.32,-3.61,815.33,11.65,5297.63,-5.54,6112.96,-3.56,-0.11,0.18,0.14
B2_R_L2_ST_S_0.6_0.8_TS3,840.56,14.65,5295.14,-5.45,6135.700000000001,-3.12,838.7,14.67,5295.09,-5.48,6133.79,-3.15,837.5,14.68,5303.46,-5.44,6140.96,-3.12,-0.14,0.16,0.12
B2_R_L2_ST_S_0.6_1.0_TS2,799.67,9.07,5404.98,-3.49,6204.65,-2.03,798.14,9.13,5403.62,-3.54,6201.76,-2.08,796.55,9.08,5413.06,-3.49,6209.61,-2.04,-0.2,0.17,0.13
B2_R_L2_ST_S_0.6_1.0_TS3,832.66,13.57,5398.84,-3.6,6231.5,-1.61,830.87,13.6,5398.84,-3.62,6229.71,-1.64,829.5,13.59,5406.57,-3.6,6236.07,-1.62,-0.16,0.14,0.1
B2_R_L2_ST_W_0.2_0.8_TS2,746.04,1.76,5386.14,-3.83,6132.18,-3.18,744.8,1.83,5386.49,-3.84,6131.29,-3.19,743.5,1.81,5395.7,-3.8,6139.2,-3.15,-0.17,0.17,0.13
B2_R_L2_ST_W_0.2_0.8_TS3,754.09,2.86,5380.09,-3.93,6134.18,-3.15,752.73,2.92,5378.62,-3.99,6131.35,-3.19,751.75,2.94,5387.44,-3.94,6139.19,-3.15,-0.13,0.16,0.13
B2_R_L2_ST_W_0.2_1.0_TS2,736.94,0.52,5443.2,-2.81,6180.139999999999,-2.42,735.39,0.55,5442.96,-2.84,6178.35,-2.45,734.5,0.58,5452.28,-2.79,6186.78,-2.4,-0.12,0.17,0.14
B2_R_L2_ST_W_0.2_1.0_TS3,748.79,2.13,5432.28,-3.0,6181.07,-2.41,747.09,2.15,5432.25,-3.03,6179.34,-2.43,746.07,2.16,5439.47,-3.01,6185.54,-2.42,-0.14,0.13,0.1
B2_R_L2_ST_W_0.6_0.8_TS2,762.86,4.05,5350.13,-4.47,6112.99,-3.48,761.4,4.1,5349.5,-4.51,6110.9,-3.51,760.26,4.11,5359.63,-4.44,6119.89,-3.45,-0.15,0.19,0.15
B2_R_L2_ST_W_0.6_0.8_TS3,782.17,6.69,5348.04,-4.51,6130.21,-3.21,780.29,6.69,5348.72,-4.52,6129.01,-3.23,779.12,6.69,5359.11,-4.45,6138.23,-3.16,-0.15,0.19,0.15
B2_R_L2_ST_W_0.6_1.0_TS2,745.19,1.64,5470.97,-2.31,6216.16,-1.85,743.68,1.68,5470.58,-2.34,6214.26,-1.88,742.48,1.67,5480.52,-2.28,6223.0,-1.83,-0.16,0.18,0.14
B2_R_L2_ST_W_0.6_1.0_TS3,773.79,5.54,5452.37,-2.64,6226.16,-1.69,772.02,5.56,5452.67,-2.66,6224.6900000000005,-1.71,770.46,5.5,5462.96,-2.6,6233.42,-1.66,-0.2,0.19,0.14
