,value_heat,Heating,value_cool,Cooling,Total_consumption
4,2197.263396098251,B2_O_L2_DG_E_0.2_1.0_TS2,638.7220677841984,B2_O_L2_DG_E_0.2_1.0_TS2,2835.9854638824495
196,826.6737471474761,B2_R_L1_DG_E_0.2_0.8_TS2,2446.860544567893,B2_R_L1_DG_E_0.2_0.8_TS2,3273.5342917153694
197,836.6870856136956,B2_R_L1_DG_E_0.2_0.8_TS3,2503.667851588357,B2_R_L1_DG_E_0.2_0.8_TS3,3340.3549372020525
232,820.0235722046315,B2_R_L1_DS_E_0.2_0.8_TS2,2543.8099103809013,B2_R_L1_DS_E_0.2_0.8_TS2,3363.8334825855327
235,818.4284128465738,B2_R_L1_DS_E_0.6_2.3_TS2,2558.2193507839675,B2_R_L1_DS_E_0.6_2.3_TS2,3376.6477636305412
212,816.5566327326038,B2_R_L1_DG_W_0.2_0.8_TS2,2565.823449481432,B2_R_L1_DG_W_0.2_0.8_TS2,3382.3800822140356
234,815.3817121654221,B2_R_L1_DS_E_0.6_0.8_TS2,2568.1675317512018,B2_R_L1_DS_E_0.6_0.8_TS2,3383.5492439166237
233,828.5066311020942,B2_R_L1_DS_E_0.2_2.3_TS2,2563.1960213399325,B2_R_L1_DS_E_0.2_2.3_TS2,3391.7026524420266
198,813.7481073237052,B2_R_L1_DG_E_0.2_2.3_TS2,2597.0724363414233,B2_R_L1_DG_E_0.2_2.3_TS2,3410.8205436651288
213,827.3505587573969,B2_R_L1_DG_W_0.2_0.8_TS3,2614.216664060414,B2_R_L1_DG_W_0.2_0.8_TS3,3441.567222817811
214,815.2366117935195,B2_R_L1_DG_W_0.2_2.3_TS2,2635.8778692727074,B2_R_L1_DG_W_0.2_2.3_TS2,3451.1144810662267
243,826.302051698417,B2_R_L1_DS_W_0.6_2.3_TS2,2632.695784647349,B2_R_L1_DS_W_0.6_2.3_TS2,3458.997836345766
199,823.9799800484682,B2_R_L1_DG_E_0.2_2.3_TS3,2650.519389195441,B2_R_L1_DG_E_0.2_2.3_TS3,3474.4993692439093
188,858.2594018741299,B2_O_L1_DG_W_0.2_0.8_TS2,2617.8976473018233,B2_O_L1_DG_W_0.2_0.8_TS2,3476.157049175953
242,829.5245773437005,B2_R_L1_DS_W_0.6_0.8_TS2,2651.7374434283915,B2_R_L1_DS_W_0.6_0.8_TS2,3481.262020772092
312,690.4745666291466,B2_O_L1_ST_W_0.6_0.8_TS2,2793.194981881541,B2_O_L1_ST_W_0.6_0.8_TS2,3483.6695485106875
189,846.9159569486714,B2_O_L1_DG_W_0.2_0.8_TS3,2639.0139476707586,B2_O_L1_DG_W_0.2_0.8_TS3,3485.92990461943
309,739.7883651593355,B2_O_L1_ST_W_0.2_0.8_TS3,2748.792041824829,B2_O_L1_ST_W_0.2_0.8_TS3,3488.5804069841647
308,741.1488256707369,B2_O_L1_ST_W_0.2_0.8_TS2,2747.9805269111216,B2_O_L1_ST_W_0.2_0.8_TS2,3489.1293525818583
313,694.8938495885036,B2_O_L1_ST_W_0.6_0.8_TS3,2794.245946922146,B2_O_L1_ST_W_0.6_0.8_TS3,3489.1397965106494
200,766.0742726393592,B2_R_L1_DG_E_0.6_0.8_TS2,2726.6464972193726,B2_R_L1_DG_E_0.6_0.8_TS2,3492.7207698587317
316,741.1281978732443,B2_R_L1_ST_E_0.2_0.8_TS2,2754.546400007024,B2_R_L1_ST_E_0.2_0.8_TS2,3495.6745978802683
296,702.5803434002017,B2_O_L1_ST_E_0.6_0.8_TS2,2798.501585892635,B2_O_L1_ST_E_0.6_0.8_TS2,3501.081929292837
241,826.1485681268301,B2_R_L1_DS_W_0.2_2.3_TS2,2675.68229413619,B2_R_L1_DS_W_0.2_2.3_TS2,3501.83086226302
240,816.6386309875946,B2_R_L1_DS_W_0.2_0.8_TS2,2686.4740066242703,B2_R_L1_DS_W_0.2_0.8_TS2,3503.112637611865
216,765.7314525550099,B2_R_L1_DG_W_0.6_0.8_TS2,2738.671366592735,B2_R_L1_DG_W_0.6_0.8_TS2,3504.402819147745
317,740.7144758749549,B2_R_L1_ST_E_0.2_0.8_TS3,2764.3172600993184,B2_R_L1_ST_E_0.2_0.8_TS3,3505.0317359742735
297,699.6636300656016,B2_O_L1_ST_E_0.6_0.8_TS3,2805.5220038940065,B2_O_L1_ST_E_0.6_0.8_TS3,3505.185633959608
172,889.8674947223709,B2_O_L1_DG_E_0.2_0.8_TS2,2616.499691809862,B2_O_L1_DG_E_0.2_0.8_TS2,3506.3671865322326
191,835.2825993538278,B2_O_L1_DG_W_0.2_2.3_TS3,2672.026199450058,B2_O_L1_DG_W_0.2_2.3_TS3,3507.3087988038856
190,850.7106775709951,B2_O_L1_DG_W_0.2_2.3_TS2,2656.81106324272,B2_O_L1_DG_W_0.2_2.3_TS2,3507.521740813715
230,856.2727543699939,B2_O_L1_DS_W_0.6_0.8_TS2,2652.2331560126813,B2_O_L1_DS_W_0.6_0.8_TS2,3508.505910382675
231,858.3753309196431,B2_O_L1_DS_W_0.6_2.3_TS2,2650.450143690219,B2_O_L1_DS_W_0.6_2.3_TS2,3508.8254746098623
193,771.8404788640698,B2_O_L1_DG_W_0.6_0.8_TS3,2739.2113578863573,B2_O_L1_DG_W_0.6_0.8_TS3,3511.0518367504274
192,782.7768092346683,B2_O_L1_DG_W_0.6_0.8_TS2,2729.0092594672215,B2_O_L1_DG_W_0.6_0.8_TS2,3511.7860687018897
293,761.5386068946441,B2_O_L1_ST_E_0.2_0.8_TS3,2752.6904082877018,B2_O_L1_ST_E_0.2_0.8_TS3,3514.229015182346
228,843.5782741537422,B2_O_L1_DS_W_0.2_0.8_TS2,2672.3646794902347,B2_O_L1_DS_W_0.2_0.8_TS2,3515.942953643977
173,875.0687068483459,B2_O_L1_DG_E_0.2_0.8_TS3,2641.4404720869334,B2_O_L1_DG_E_0.2_0.8_TS3,3516.509178935279
204,918.3274335787128,B2_R_L1_DG_S_0.2_0.8_TS2,2598.1951570300816,B2_R_L1_DG_S_0.2_0.8_TS2,3516.5225906087944
215,821.468040574346,B2_R_L1_DG_W_0.2_2.3_TS3,2695.884373142195,B2_R_L1_DG_W_0.2_2.3_TS3,3517.352413716541
292,770.0016204539104,B2_O_L1_ST_E_0.2_0.8_TS2,2749.668411112987,B2_O_L1_ST_E_0.2_0.8_TS2,3519.6700315668977
229,852.8722987483288,B2_O_L1_DS_W_0.2_2.3_TS2,2671.7495391640186,B2_O_L1_DS_W_0.2_2.3_TS2,3524.6218379123475
223,871.1741000135587,B2_O_L1_DS_E_0.6_2.3_TS2,2664.23309538346,B2_O_L1_DS_E_0.6_2.3_TS2,3535.4071953970188
222,870.6855181149978,B2_O_L1_DS_E_0.6_0.8_TS2,2665.0834588130415,B2_O_L1_DS_E_0.6_0.8_TS2,3535.768976928039
320,711.1101218514931,B2_R_L1_ST_E_0.6_0.8_TS2,2829.2757586394523,B2_R_L1_ST_E_0.6_0.8_TS2,3540.3858804909455
174,879.2128628811856,B2_O_L1_DG_E_0.2_2.3_TS2,2663.7397827858754,B2_O_L1_DG_E_0.2_2.3_TS2,3542.952645667061
175,859.2654767094042,B2_O_L1_DG_E_0.2_2.3_TS3,2686.4856787706076,B2_O_L1_DG_E_0.2_2.3_TS3,3545.7511554800117
220,871.8862096071362,B2_O_L1_DS_E_0.2_0.8_TS2,2676.9608226501405,B2_O_L1_DS_E_0.2_0.8_TS2,3548.8470322572766
311,808.4291266197986,B2_O_L1_ST_W_0.2_2.3_TS3,2743.483458773246,B2_O_L1_ST_W_0.2_2.3_TS3,3551.9125853930445
187,722.5488659842698,B2_O_L1_DG_S_0.6_2.3_TS3,2833.593076714506,B2_O_L1_DG_S_0.6_2.3_TS3,3556.141942698776
310,816.8174475203152,B2_O_L1_ST_W_0.2_2.3_TS2,2739.971047854079,B2_O_L1_ST_W_0.2_2.3_TS2,3556.788495374394
184,784.5563784003679,B2_O_L1_DG_S_0.6_0.8_TS2,2772.618736194553,B2_O_L1_DG_S_0.6_0.8_TS2,3557.175114594921
318,801.1527066793433,B2_R_L1_ST_E_0.2_2.3_TS2,2757.689032770858,B2_R_L1_ST_E_0.2_2.3_TS2,3558.841739450201
185,777.1739784633717,B2_O_L1_DG_S_0.6_0.8_TS3,2782.2603540389214,B2_O_L1_DG_S_0.6_0.8_TS3,3559.434332502293
221,878.6939862119378,B2_O_L1_DS_E_0.2_2.3_TS2,2681.137909372419,B2_O_L1_DS_E_0.2_2.3_TS2,3559.831895584357
201,768.0417036965371,B2_R_L1_DG_E_0.6_0.8_TS3,2791.8691330654765,B2_R_L1_DG_E_0.6_0.8_TS3,3559.910836762014
314,782.4851949694577,B2_O_L1_ST_W_0.6_2.3_TS2,2777.8588253194816,B2_O_L1_ST_W_0.6_2.3_TS2,3560.344020288939
186,721.7938149349383,B2_O_L1_DG_S_0.6_2.3_TS2,2838.8747901300044,B2_O_L1_DG_S_0.6_2.3_TS2,3560.6686050649428
321,712.3254911498652,B2_R_L1_ST_E_0.6_0.8_TS3,2851.2004612074948,B2_R_L1_ST_E_0.6_0.8_TS3,3563.52595235736
271,824.620078348004,B2_R_L1_MW_E_0.2_2.3_TS3,2742.9348171712986,B2_R_L1_MW_E_0.2_2.3_TS3,3567.5548955193026
315,787.8556286497567,B2_O_L1_ST_W_0.6_2.3_TS3,2782.515032844858,B2_O_L1_ST_W_0.6_2.3_TS3,3570.370661494615
195,754.6243933763274,B2_O_L1_DG_W_0.6_2.3_TS3,2815.8587952632224,B2_O_L1_DG_W_0.6_2.3_TS3,3570.4831886395496
180,909.9650216920999,B2_O_L1_DG_S_0.2_0.8_TS2,2660.9639228007945,B2_O_L1_DG_S_0.2_0.8_TS2,3570.9289444928945
261,828.2209582255432,B2_O_L1_MW_W_0.2_0.8_TS3,2742.7227034487205,B2_O_L1_MW_W_0.2_0.8_TS3,3570.9436616742637
263,840.7103971208987,B2_O_L1_MW_W_0.2_2.3_TS3,2730.2919117452507,B2_O_L1_MW_W_0.2_2.3_TS3,3571.002308866149
319,798.5627877752958,B2_R_L1_ST_E_0.2_2.3_TS3,2773.8162130901637,B2_R_L1_ST_E_0.2_2.3_TS3,3572.3790008654596
182,882.2944451684762,B2_O_L1_DG_S_0.2_2.3_TS2,2693.1131239512747,B2_O_L1_DG_S_0.2_2.3_TS2,3575.407569119751
183,866.7702006572982,B2_O_L1_DG_S_0.2_2.3_TS3,2709.8813099585514,B2_O_L1_DG_S_0.2_2.3_TS3,3576.6515106158495
181,896.6819834425136,B2_O_L1_DG_S_0.2_0.8_TS3,2682.4239995097473,B2_O_L1_DG_S_0.2_0.8_TS3,3579.105982952261
322,770.3895137028263,B2_R_L1_ST_E_0.6_2.3_TS2,2809.8883730156635,B2_R_L1_ST_E_0.6_2.3_TS2,3580.2778867184898
270,823.9098801461281,B2_R_L1_MW_E_0.2_2.3_TS2,2756.649157356434,B2_R_L1_MW_E_0.2_2.3_TS2,3580.559037502562
177,797.1857776162401,B2_O_L1_DG_E_0.6_0.8_TS3,2785.168490515506,B2_O_L1_DG_E_0.6_0.8_TS3,3582.3542681317463
176,811.1312120035007,B2_O_L1_DG_E_0.6_0.8_TS2,2772.7328755218473,B2_O_L1_DG_E_0.6_0.8_TS2,3583.8640875253477
299,787.1505085651887,B2_O_L1_ST_E_0.6_2.3_TS3,2797.8045343330205,B2_O_L1_ST_E_0.6_2.3_TS3,3584.9550428982093
205,937.9646326953916,B2_R_L1_DG_S_0.2_0.8_TS3,2647.0836167121006,B2_R_L1_DG_S_0.2_0.8_TS3,3585.048249407492
298,801.2422924332585,B2_O_L1_ST_E_0.6_2.3_TS2,2784.1294902017626,B2_O_L1_ST_E_0.6_2.3_TS2,3585.371782635021
217,777.466015923529,B2_R_L1_DG_W_0.6_0.8_TS3,2808.8005579537635,B2_R_L1_DG_W_0.6_0.8_TS3,3586.2665738772926
295,836.5610297439484,B2_O_L1_ST_E_0.2_2.3_TS3,2750.389304643409,B2_O_L1_ST_E_0.2_2.3_TS3,3586.9503343873575
294,846.4350106388922,B2_O_L1_ST_E_0.2_2.3_TS2,2741.7508747111506,B2_O_L1_ST_E_0.2_2.3_TS2,3588.1858853500426
194,762.6918874335005,B2_O_L1_DG_W_0.6_2.3_TS2,2833.5903970198424,B2_O_L1_DG_W_0.6_2.3_TS2,3596.282284453343
304,722.1800960259216,B2_O_L1_ST_S_0.6_0.8_TS2,2874.240968286321,B2_O_L1_ST_S_0.6_0.8_TS2,3596.4210643122424
268,809.3829530053816,B2_R_L1_MW_E_0.2_0.8_TS2,2793.1917977643443,B2_R_L1_MW_E_0.2_0.8_TS2,3602.574750769726
269,814.003569683354,B2_R_L1_MW_E_0.2_0.8_TS3,2788.6031721712725,B2_R_L1_MW_E_0.2_0.8_TS3,3602.6067418546263
267,816.5049686014227,B2_O_L1_MW_W_0.6_2.3_TS3,2786.1919612014867,B2_O_L1_MW_W_0.6_2.3_TS3,3602.6969298029094
305,724.2126217820899,B2_O_L1_ST_S_0.6_0.8_TS3,2878.70082540256,B2_O_L1_ST_S_0.6_0.8_TS3,3602.91344718465
260,821.4103897776733,B2_O_L1_MW_W_0.2_0.8_TS2,2783.047829035609,B2_O_L1_MW_W_0.2_0.8_TS2,3604.4582188132827
265,787.2474015063217,B2_O_L1_MW_W_0.6_0.8_TS3,2818.940873800908,B2_O_L1_MW_W_0.6_0.8_TS3,3606.1882753072296
300,781.3837390743607,B2_O_L1_ST_S_0.2_0.8_TS2,2826.2832857750736,B2_O_L1_ST_S_0.2_0.8_TS2,3607.6670248494343
301,779.2402293048674,B2_O_L1_ST_S_0.2_0.8_TS3,2828.6452568509026,B2_O_L1_ST_S_0.2_0.8_TS3,3607.88548615577
262,835.6611073379364,B2_O_L1_MW_W_0.2_2.3_TS2,2773.4268651626985,B2_O_L1_MW_W_0.2_2.3_TS2,3609.087972500635
206,901.4620579419367,B2_R_L1_DG_S_0.2_2.3_TS2,2709.5751512494912,B2_R_L1_DG_S_0.2_2.3_TS2,3611.037209191428
239,940.2393670581503,B2_R_L1_DS_S_0.6_2.3_TS2,2670.8484909889667,B2_R_L1_DS_S_0.6_2.3_TS2,3611.087858047117
238,941.126147536203,B2_R_L1_DS_S_0.6_0.8_TS2,2672.5081555484708,B2_R_L1_DS_S_0.6_0.8_TS2,3613.634303084674
245,855.8627694742761,B2_O_L1_MW_E_0.2_0.8_TS3,2758.7296203955625,B2_O_L1_MW_E_0.2_0.8_TS3,3614.5923898698384
247,867.5812482179784,B2_O_L1_MW_E_0.2_2.3_TS3,2747.830605525081,B2_O_L1_MW_E_0.2_2.3_TS3,3615.4118537430595
226,914.8094654783256,B2_O_L1_DS_S_0.6_0.8_TS2,2701.8612094986124,B2_O_L1_DS_S_0.6_0.8_TS2,3616.6706749769382
236,932.252086620258,B2_R_L1_DS_S_0.2_0.8_TS2,2685.356110864582,B2_R_L1_DS_S_0.2_0.8_TS2,3617.6081974848403
227,918.7269771845907,B2_O_L1_DS_S_0.6_2.3_TS2,2700.328997479493,B2_O_L1_DS_S_0.6_2.3_TS2,3619.055974664084
323,772.3447750904473,B2_R_L1_ST_E_0.6_2.3_TS3,2847.207385820588,B2_R_L1_ST_E_0.6_2.3_TS3,3619.5521609110356
224,905.256465724142,B2_O_L1_DS_S_0.2_0.8_TS2,2719.396113410941,B2_O_L1_DS_S_0.2_0.8_TS2,3624.6525791350828
332,738.3462850698372,B2_R_L1_ST_W_0.2_0.8_TS2,2886.659084684082,B2_R_L1_ST_W_0.2_0.8_TS2,3625.005369753919
225,908.6235350623358,B2_O_L1_DS_S_0.2_2.3_TS2,2720.7284666939863,B2_O_L1_DS_S_0.2_2.3_TS2,3629.3520017563224
237,939.1642545415707,B2_R_L1_DS_S_0.2_2.3_TS2,2693.6186509480576,B2_R_L1_DS_S_0.2_2.3_TS2,3632.7829054896283
306,781.7979293415784,B2_O_L1_ST_S_0.6_2.3_TS2,2855.335796280068,B2_O_L1_ST_S_0.6_2.3_TS2,3637.133725621646
244,852.9573399169946,B2_O_L1_MW_E_0.2_0.8_TS2,2791.1193633031444,B2_O_L1_MW_E_0.2_0.8_TS2,3644.076703220139
179,758.9805689879777,B2_O_L1_DG_E_0.6_2.3_TS3,2887.8397066583925,B2_O_L1_DG_E_0.6_2.3_TS3,3646.82027564637
246,866.931373929766,B2_O_L1_MW_E_0.2_2.3_TS2,2779.939370339673,B2_O_L1_MW_E_0.2_2.3_TS2,3646.870744269439
333,746.6121822353947,B2_R_L1_ST_W_0.2_0.8_TS3,2900.592506525778,B2_R_L1_ST_W_0.2_0.8_TS3,3647.2046887611727
285,809.5460182231033,B2_R_L1_MW_W_0.2_0.8_TS3,2841.141796817194,B2_R_L1_MW_W_0.2_0.8_TS3,3650.687815040297
170,914.6938657470354,B2_O_L1_Base_S_0.12_5.9_TS1,2738.4078200788836,B2_O_L1_Base_S_0.12_5.9_TS1,3653.101685825919
249,803.3989536217233,B2_O_L1_MW_E_0.6_0.8_TS3,2852.9737659077014,B2_O_L1_MW_E_0.6_0.8_TS3,3656.3727195294246
303,841.1935614870796,B2_O_L1_ST_S_0.2_2.3_TS3,2817.751530645549,B2_O_L1_ST_S_0.2_2.3_TS3,3658.9450921326284
253,868.2741250288858,B2_O_L1_MW_S_0.2_0.8_TS3,2793.5577082790833,B2_O_L1_MW_S_0.2_0.8_TS3,3661.831833307969
287,818.0704163987722,B2_R_L1_MW_W_0.2_2.3_TS3,2843.805407102682,B2_R_L1_MW_W_0.2_2.3_TS3,3661.875823501454
255,879.5381730034517,B2_O_L1_MW_S_0.2_2.3_TS3,2782.433828555772,B2_O_L1_MW_S_0.2_2.3_TS3,3661.972001559224
302,851.4124959490879,B2_O_L1_ST_S_0.2_2.3_TS2,2811.258704543477,B2_O_L1_ST_S_0.2_2.3_TS2,3662.671200492565
251,832.600320755788,B2_O_L1_MW_E_0.6_2.3_TS3,2830.4856091695024,B2_O_L1_MW_E_0.6_2.3_TS3,3663.08592992529
307,797.3945775779194,B2_O_L1_ST_S_0.6_2.3_TS3,2868.032640693049,B2_O_L1_ST_S_0.6_2.3_TS3,3665.4272182709683
178,780.3737035409537,B2_O_L1_DG_E_0.6_2.3_TS2,2888.394858444049,B2_O_L1_DG_E_0.6_2.3_TS2,3668.7685619850026
336,720.3466261628141,B2_R_L1_ST_W_0.6_0.8_TS2,2949.976974673296,B2_R_L1_ST_W_0.6_0.8_TS2,3670.32360083611
334,799.2504464564556,B2_R_L1_ST_W_0.2_2.3_TS2,2872.682883967461,B2_R_L1_ST_W_0.2_2.3_TS2,3671.9333304239162
218,751.6669667514875,B2_R_L1_DG_W_0.6_2.3_TS2,2921.1823572409257,B2_R_L1_DG_W_0.6_2.3_TS2,3672.8493239924132
252,849.3147550171336,B2_O_L1_MW_S_0.2_0.8_TS2,2825.80549937391,B2_O_L1_MW_S_0.2_0.8_TS2,3675.120254391044
254,863.1910372209421,B2_O_L1_MW_S_0.2_2.3_TS2,2813.568483555251,B2_O_L1_MW_S_0.2_2.3_TS2,3676.7595207761933
275,793.3513368683905,B2_R_L1_MW_E_0.6_2.3_TS3,2884.9770933977024,B2_R_L1_MW_E_0.6_2.3_TS3,3678.328430266093
208,846.5605622268913,B2_R_L1_DG_S_0.6_0.8_TS2,2837.9748787240255,B2_R_L1_DG_S_0.6_0.8_TS2,3684.535440950917
207,912.4371459903724,B2_R_L1_DG_S_0.2_2.3_TS3,2772.8057692021766,B2_R_L1_DG_S_0.2_2.3_TS3,3685.242915192549
171,940.3674858020262,B2_R_L1_Base_S_0.12_5.9_TS1,2745.9617822240925,B2_R_L1_Base_S_0.12_5.9_TS1,3686.329268026119
284,804.6124045803078,B2_R_L1_MW_W_0.2_0.8_TS2,2883.7832738382144,B2_R_L1_MW_W_0.2_0.8_TS2,3688.395678418522
335,798.4401885495304,B2_R_L1_ST_W_0.2_2.3_TS3,2892.236135135211,B2_R_L1_ST_W_0.2_2.3_TS3,3690.6763236847414
338,782.0241063035731,B2_R_L1_ST_W_0.6_2.3_TS2,2911.1636452077023,B2_R_L1_ST_W_0.6_2.3_TS2,3693.1877515112756
259,846.4958761476962,B2_O_L1_MW_S_0.6_2.3_TS3,2846.8437111463113,B2_O_L1_MW_S_0.6_2.3_TS3,3693.3395872940073
257,819.8725707688795,B2_O_L1_MW_S_0.6_0.8_TS3,2875.698067644588,B2_O_L1_MW_S_0.6_0.8_TS3,3695.5706384134673
286,815.943796826719,B2_R_L1_MW_W_0.2_2.3_TS2,2886.6564618542543,B2_R_L1_MW_W_0.2_2.3_TS2,3702.600258680973
266,799.4964200460611,B2_O_L1_MW_W_0.6_2.3_TS2,2903.1979631834697,B2_O_L1_MW_W_0.6_2.3_TS2,3702.694383229531
264,764.4238508536357,B2_O_L1_MW_W_0.6_0.8_TS2,2938.497114268087,B2_O_L1_MW_W_0.6_0.8_TS2,3702.9209651217225
337,729.8027263411161,B2_R_L1_ST_W_0.6_0.8_TS3,2976.8746031320143,B2_R_L1_ST_W_0.6_0.8_TS3,3706.67732947313
248,787.7234763518924,B2_O_L1_MW_E_0.6_0.8_TS2,2952.6162914796923,B2_O_L1_MW_E_0.6_0.8_TS2,3740.3397678315846
273,768.3337731914304,B2_R_L1_MW_E_0.6_0.8_TS3,2973.3032321706005,B2_R_L1_MW_E_0.6_0.8_TS3,3741.637005362031
274,784.0904399017498,B2_R_L1_MW_E_0.6_2.3_TS2,2959.452516991012,B2_R_L1_MW_E_0.6_2.3_TS2,3743.542956892762
258,806.8649214229378,B2_O_L1_MW_S_0.6_2.3_TS2,2943.5585800151093,B2_O_L1_MW_S_0.6_2.3_TS2,3750.423501438047
339,794.0336530568987,B2_R_L1_ST_W_0.6_2.3_TS3,2957.5105682980043,B2_R_L1_ST_W_0.6_2.3_TS3,3751.544221354903
250,826.8871922386384,B2_O_L1_MW_E_0.6_2.3_TS2,2926.9650231866344,B2_O_L1_MW_E_0.6_2.3_TS2,3753.852215425273
256,779.5227488495935,B2_O_L1_MW_S_0.6_0.8_TS2,2980.3657644151917,B2_O_L1_MW_S_0.6_0.8_TS2,3759.888513264785
209,859.8665533603768,B2_R_L1_DG_S_0.6_0.8_TS3,2909.879269460574,B2_R_L1_DG_S_0.6_0.8_TS3,3769.7458228209507
289,771.3207051086044,B2_R_L1_MW_W_0.6_0.8_TS3,3004.611244523246,B2_R_L1_MW_W_0.6_0.8_TS3,3775.9319496318503
277,907.0176691881418,B2_R_L1_MW_S_0.2_0.8_TS3,2880.6316573929184,B2_R_L1_MW_S_0.2_0.8_TS3,3787.6493265810604
291,797.0679712851586,B2_R_L1_MW_W_0.6_2.3_TS3,2991.8260305370427,B2_R_L1_MW_W_0.6_2.3_TS3,3788.894001822201
219,772.706021705966,B2_R_L1_DG_W_0.6_2.3_TS3,3018.6422273257917,B2_R_L1_DG_W_0.6_2.3_TS3,3791.348249031758
324,858.1936640862976,B2_R_L1_ST_S_0.2_0.8_TS2,2942.7376536738257,B2_R_L1_ST_S_0.2_0.8_TS2,3800.9313177601234
272,750.2017719668721,B2_R_L1_MW_E_0.6_0.8_TS2,3050.977703950844,B2_R_L1_MW_E_0.6_0.8_TS2,3801.179475917716
279,915.9055513027886,B2_R_L1_MW_S_0.2_2.3_TS3,2900.824480055429,B2_R_L1_MW_S_0.2_2.3_TS3,3816.7300313582173
325,865.2232618119762,B2_R_L1_ST_S_0.2_0.8_TS3,2955.4020157325604,B2_R_L1_ST_S_0.2_0.8_TS3,3820.6252775445364
278,903.1498547743499,B2_R_L1_MW_S_0.2_2.3_TS2,2927.34735149072,B2_R_L1_MW_S_0.2_2.3_TS2,3830.49720626507
276,895.3861340637177,B2_R_L1_MW_S_0.2_0.8_TS2,2935.736327860294,B2_R_L1_MW_S_0.2_0.8_TS2,3831.1224619240115
326,904.024805130448,B2_R_L1_ST_S_0.2_2.3_TS2,2934.3605958679555,B2_R_L1_ST_S_0.2_2.3_TS2,3838.3854009984034
330,860.7847232243669,B2_R_L1_ST_S_0.6_2.3_TS2,2979.749534472113,B2_R_L1_ST_S_0.6_2.3_TS2,3840.5342576964795
328,831.9827142627598,B2_R_L1_ST_S_0.6_0.8_TS2,3012.884948450487,B2_R_L1_ST_S_0.6_0.8_TS2,3844.8676627132472
327,902.8872494243101,B2_R_L1_ST_S_0.2_2.3_TS3,2955.6475323210934,B2_R_L1_ST_S_0.2_2.3_TS3,3858.5347817454035
290,783.6058396071433,B2_R_L1_MW_W_0.6_2.3_TS2,3084.870885216776,B2_R_L1_MW_W_0.6_2.3_TS2,3868.4767248239195
288,754.1528870058658,B2_R_L1_MW_W_0.6_0.8_TS2,3120.612057993945,B2_R_L1_MW_W_0.6_0.8_TS2,3874.7649449998107
329,842.4794594003216,B2_R_L1_ST_S_0.6_0.8_TS3,3041.375874308955,B2_R_L1_ST_S_0.6_0.8_TS3,3883.8553337092767
281,872.1749081804438,B2_R_L1_MW_S_0.6_0.8_TS3,3039.492116668083,B2_R_L1_MW_S_0.6_0.8_TS3,3911.6670248485266
331,888.0749987314786,B2_R_L1_ST_S_0.6_2.3_TS3,3028.743189118576,B2_R_L1_ST_S_0.6_2.3_TS3,3916.8181878500545
283,893.92746104408,B2_R_L1_MW_S_0.6_2.3_TS3,3025.7609615664533,B2_R_L1_MW_S_0.6_2.3_TS3,3919.688422610533
202,743.9349365911302,B2_R_L1_DG_E_0.6_2.3_TS2,3189.1029608244025,B2_R_L1_DG_E_0.6_2.3_TS2,3933.037897415533
210,806.9373029950058,B2_R_L1_DG_S_0.6_2.3_TS2,3172.8774750384746,B2_R_L1_DG_S_0.6_2.3_TS2,3979.8147780334803
282,860.5465398841188,B2_R_L1_MW_S_0.6_2.3_TS2,3125.1492573061864,B2_R_L1_MW_S_0.6_2.3_TS2,3985.6957971903053
280,843.5220734759033,B2_R_L1_MW_S_0.6_0.8_TS2,3167.88268615029,B2_R_L1_MW_S_0.6_0.8_TS2,4011.404759626193
203,754.1226958792241,B2_R_L1_DG_E_0.6_2.3_TS3,3279.0747995683782,B2_R_L1_DG_E_0.6_2.3_TS3,4033.1974954476023
15,3385.5074840113516,B2_O_L2_DG_S_0.6_0.8_TS3,747.4700436547705,B2_O_L2_DG_S_0.6_0.8_TS3,4132.977527666122
23,3432.476220672383,B2_O_L2_DG_W_0.6_0.8_TS3,715.4683557273028,B2_O_L2_DG_W_0.6_0.8_TS3,4147.9445763996855
211,829.1263120848784,B2_R_L1_DG_S_0.6_2.3_TS3,3321.9825270918013,B2_R_L1_DG_S_0.6_2.3_TS3,4151.10883917668
17,3408.9715453807516,B2_O_L2_DG_S_0.6_1.0_TS3,742.8180777804965,B2_O_L2_DG_S_0.6_1.0_TS3,4151.7896231612485
25,3460.0683955962695,B2_O_L2_DG_W_0.6_1.0_TS3,712.9383649749903,B2_O_L2_DG_W_0.6_1.0_TS3,4173.00676057126
7,3443.2706059397433,B2_O_L2_DG_E_0.6_0.8_TS3,731.1199983914728,B2_O_L2_DG_E_0.6_0.8_TS3,4174.390604331216
9,3469.0629738523903,B2_O_L2_DG_E_0.6_1.0_TS3,726.9607595451026,B2_O_L2_DG_E_0.6_1.0_TS3,4196.023733397493
60,3562.148452575288,B2_O_L2_DS_W_0.6_0.8_TS2,664.6171081586392,B2_O_L2_DS_W_0.6_0.8_TS2,4226.7655607339275
61,3562.2453915505084,B2_O_L2_DS_W_0.6_1.0_TS2,665.4759164644038,B2_O_L2_DS_W_0.6_1.0_TS2,4227.721308014912
14,3516.9956855136297,B2_O_L2_DG_S_0.6_0.8_TS2,715.926783987702,B2_O_L2_DG_S_0.6_0.8_TS2,4232.922469501332
53,3570.49883879215,B2_O_L2_DS_E_0.6_1.0_TS2,666.7629526458984,B2_O_L2_DS_E_0.6_1.0_TS2,4237.261791438048
52,3570.910290531111,B2_O_L2_DS_E_0.6_0.8_TS2,666.8065002988624,B2_O_L2_DS_E_0.6_0.8_TS2,4237.716790829973
16,3542.780099475776,B2_O_L2_DG_S_0.6_1.0_TS2,712.3863234975147,B2_O_L2_DG_S_0.6_1.0_TS2,4255.1664229732905
19,3586.9159554834146,B2_O_L2_DG_W_0.2_0.8_TS3,669.8434815694967,B2_O_L2_DG_W_0.2_0.8_TS3,4256.759437052911
22,3571.9682333577193,B2_O_L2_DG_W_0.6_0.8_TS2,687.6378833812697,B2_O_L2_DG_W_0.6_0.8_TS2,4259.606116738989
21,3594.2194506463375,B2_O_L2_DG_W_0.2_1.0_TS3,669.5442467368931,B2_O_L2_DG_W_0.2_1.0_TS3,4263.7636973832305
58,3603.553527988828,B2_O_L2_DS_W_0.2_0.8_TS2,669.2180554666963,B2_O_L2_DS_W_0.2_0.8_TS2,4272.771583455525
135,3564.4353664790087,B2_O_L2_ST_S_0.6_0.8_TS3,719.1169250236422,B2_O_L2_ST_S_0.6_0.8_TS3,4283.552291502651
24,3600.401584563641,B2_O_L2_DG_W_0.6_1.0_TS2,685.588315065683,B2_O_L2_DG_W_0.6_1.0_TS2,4285.989899629324
3,3618.328130638985,B2_O_L2_DG_E_0.2_0.8_TS3,668.2964808165591,B2_O_L2_DG_E_0.2_0.8_TS3,4286.624611455544
87,3544.5060098145896,B2_O_L2_MW_S_0.6_0.8_TS3,744.1919329439714,B2_O_L2_MW_S_0.6_0.8_TS3,4288.697942758561
6,3591.750062067658,B2_O_L2_DG_E_0.6_0.8_TS2,699.7783600474759,B2_O_L2_DG_E_0.6_0.8_TS2,4291.528422115134
86,3505.9297441925396,B2_O_L2_MW_S_0.6_0.8_TS2,786.2466913036972,B2_O_L2_MW_S_0.6_0.8_TS2,4292.176435496237
59,3631.069970341447,B2_O_L2_DS_W_0.2_1.0_TS2,662.2331201918774,B2_O_L2_DS_W_0.2_1.0_TS2,4293.303090533324
95,3564.345635150461,B2_O_L2_MW_W_0.6_0.8_TS3,729.1488932929656,B2_O_L2_MW_W_0.6_0.8_TS3,4293.494528443427
5,3626.361638827426,B2_O_L2_DG_E_0.2_1.0_TS3,667.5648078360745,B2_O_L2_DG_E_0.2_1.0_TS3,4293.9264466635
50,3628.068968538868,B2_O_L2_DS_E_0.2_0.8_TS2,667.8172902950811,B2_O_L2_DS_E_0.2_0.8_TS2,4295.886258833949
57,3633.0427095554646,B2_O_L2_DS_S_0.6_1.0_TS2,673.1329234742337,B2_O_L2_DS_S_0.6_1.0_TS2,4306.1756330296985
56,3633.437323044084,B2_O_L2_DS_S_0.6_0.8_TS2,673.2346579549892,B2_O_L2_DS_S_0.6_0.8_TS2,4306.671980999074
8,3616.068107450823,B2_O_L2_DG_E_0.6_1.0_TS2,696.0188451065993,B2_O_L2_DG_E_0.6_1.0_TS2,4312.086952557423
51,3659.6605196037303,B2_O_L2_DS_E_0.2_1.0_TS2,658.0257487711169,B2_O_L2_DS_E_0.2_1.0_TS2,4317.686268374848
11,3641.1602592367635,B2_O_L2_DG_S_0.2_0.8_TS3,679.3053893941484,B2_O_L2_DG_S_0.2_0.8_TS3,4320.465648630912
134,3615.3281189442296,B2_O_L2_ST_S_0.6_0.8_TS2,708.9404187488038,B2_O_L2_ST_S_0.6_0.8_TS2,4324.268537693033
79,3581.3876866929363,B2_O_L2_MW_E_0.6_0.8_TS3,743.2403619816466,B2_O_L2_MW_E_0.6_0.8_TS3,4324.628048674583
127,3628.099310475384,B2_O_L2_ST_E_0.6_0.8_TS3,700.9086154702778,B2_O_L2_ST_E_0.6_0.8_TS3,4329.007925945662
13,3652.7386727156118,B2_O_L2_DG_S_0.2_1.0_TS3,678.3692878344001,B2_O_L2_DG_S_0.2_1.0_TS3,4331.107960550012
139,3646.182869369971,B2_O_L2_ST_W_0.2_0.8_TS3,687.6761237921521,B2_O_L2_ST_W_0.2_0.8_TS3,4333.858993162123
143,3637.2186393242505,B2_O_L2_ST_W_0.6_0.8_TS3,698.3362070016806,B2_O_L2_ST_W_0.6_0.8_TS3,4335.554846325931
97,3631.11635111641,B2_O_L2_MW_W_0.6_1.0_TS3,707.3529029428248,B2_O_L2_MW_W_0.6_1.0_TS3,4338.469254059235
54,3670.3900764730433,B2_O_L2_DS_S_0.2_0.8_TS2,676.9361715475591,B2_O_L2_DS_S_0.2_0.8_TS2,4347.326248020602
89,3630.441631503312,B2_O_L2_MW_S_0.6_1.0_TS3,721.6361776636248,B2_O_L2_MW_S_0.6_1.0_TS3,4352.077809166936
123,3671.267130740272,B2_O_L2_ST_E_0.2_0.8_TS3,685.6026035446143,B2_O_L2_ST_E_0.2_0.8_TS3,4356.869734284886
94,3583.4408671398046,B2_O_L2_MW_W_0.6_0.8_TS2,773.9275047273859,B2_O_L2_MW_W_0.6_0.8_TS2,4357.368371867191
138,3675.1308653190104,B2_O_L2_ST_W_0.2_0.8_TS2,683.727542679298,B2_O_L2_ST_W_0.2_0.8_TS2,4358.858407998308
91,3683.1783994018433,B2_O_L2_MW_W_0.2_0.8_TS3,687.7555421644455,B2_O_L2_MW_W_0.2_0.8_TS3,4370.933941566289
88,3639.760589300346,B2_O_L2_MW_S_0.6_1.0_TS2,731.4547996689971,B2_O_L2_MW_S_0.6_1.0_TS2,4371.215388969344
18,3729.0317510083496,B2_O_L2_DG_W_0.2_0.8_TS2,643.161646204621,B2_O_L2_DG_W_0.2_0.8_TS2,4372.193397212971
81,3653.1029009980493,B2_O_L2_MW_E_0.6_1.0_TS3,719.7969461326035,B2_O_L2_MW_E_0.6_1.0_TS3,4372.899847130653
131,3677.5633479040243,B2_O_L2_ST_S_0.2_0.8_TS3,703.3145592189865,B2_O_L2_ST_S_0.2_0.8_TS3,4380.877907123011
142,3691.4011083312193,B2_O_L2_ST_W_0.6_0.8_TS2,690.0228922047967,B2_O_L2_ST_W_0.6_0.8_TS2,4381.424000536016
20,3740.4930555596143,B2_O_L2_DG_W_0.2_1.0_TS2,643.0745981203946,B2_O_L2_DG_W_0.2_1.0_TS2,4383.567653680009
122,3707.4770154738385,B2_O_L2_ST_E_0.2_0.8_TS2,681.5915915823917,B2_O_L2_ST_E_0.2_0.8_TS2,4389.068607056231
93,3709.1400482368376,B2_O_L2_MW_W_0.2_1.0_TS3,680.6659576541784,B2_O_L2_MW_W_0.2_1.0_TS3,4389.806005891016
90,3691.036489254909,B2_O_L2_MW_W_0.2_0.8_TS2,698.8395302262,B2_O_L2_MW_W_0.2_0.8_TS2,4389.876019481109
55,3720.541899692216,B2_O_L2_DS_S_0.2_1.0_TS2,669.4266519478194,B2_O_L2_DS_S_0.2_1.0_TS2,4389.968551640035
78,3609.8003434874636,B2_O_L2_MW_E_0.6_0.8_TS2,780.6841572965889,B2_O_L2_MW_E_0.6_0.8_TS2,4390.484500784052
126,3700.796468482685,B2_O_L2_ST_E_0.6_0.8_TS2,691.4339805911264,B2_O_L2_ST_E_0.6_0.8_TS2,4392.2304490738115
96,3671.081315101481,B2_O_L2_MW_W_0.6_1.0_TS2,724.54388011238,B2_O_L2_MW_W_0.6_1.0_TS2,4395.625195213861
75,3710.699430603953,B2_O_L2_MW_E_0.2_0.8_TS3,691.2955821537721,B2_O_L2_MW_E_0.2_0.8_TS3,4401.995012757725
83,3704.713896349201,B2_O_L2_MW_S_0.2_0.8_TS3,699.2553217098963,B2_O_L2_MW_S_0.2_0.8_TS3,4403.969218059097
82,3695.5547715623416,B2_O_L2_MW_S_0.2_0.8_TS2,708.7259461563328,B2_O_L2_MW_S_0.2_0.8_TS2,4404.280717718674
130,3705.8795872510145,B2_O_L2_ST_S_0.2_0.8_TS2,699.1574678102294,B2_O_L2_ST_S_0.2_0.8_TS2,4405.037055061244
2,3768.4019058224762,B2_O_L2_DG_E_0.2_0.8_TS2,639.0259750741246,B2_O_L2_DG_E_0.2_0.8_TS2,4407.427880896601
92,3723.419269130829,B2_O_L2_MW_W_0.2_1.0_TS2,686.1992524031506,B2_O_L2_MW_W_0.2_1.0_TS2,4409.618521533979
77,3731.5657703632905,B2_O_L2_MW_E_0.2_1.0_TS3,685.5049014768542,B2_O_L2_MW_E_0.2_1.0_TS3,4417.070671840145
74,3722.14278564222,B2_O_L2_MW_E_0.2_0.8_TS2,702.2116436058488,B2_O_L2_MW_E_0.2_0.8_TS2,4424.354429248069
80,3696.869924623333,B2_O_L2_MW_E_0.6_1.0_TS2,728.2349837399402,B2_O_L2_MW_E_0.6_1.0_TS2,4425.104908363273
85,3735.9108185708906,B2_O_L2_MW_S_0.2_1.0_TS3,691.7108115115567,B2_O_L2_MW_S_0.2_1.0_TS3,4427.621630082447
141,3752.271678598097,B2_O_L2_ST_W_0.2_1.0_TS3,676.0700084438914,B2_O_L2_ST_W_0.2_1.0_TS3,4428.341687041989
84,3742.5724885454138,B2_O_L2_MW_S_0.2_1.0_TS2,694.5712824439157,B2_O_L2_MW_S_0.2_1.0_TS2,4437.14377098933
76,3748.6215924990406,B2_O_L2_MW_E_0.2_1.0_TS2,688.8964388011526,B2_O_L2_MW_E_0.2_1.0_TS2,4437.518031300193
10,3792.5398019691247,B2_O_L2_DG_S_0.2_0.8_TS2,649.2728768911317,B2_O_L2_DG_S_0.2_0.8_TS2,4441.812678860257
137,3732.0770102996594,B2_O_L2_ST_S_0.6_1.0_TS3,711.0301924123692,B2_O_L2_ST_S_0.6_1.0_TS3,4443.107202712028
12,3797.3108834704085,B2_O_L2_DG_S_0.2_1.0_TS2,648.6780440567015,B2_O_L2_DG_S_0.2_1.0_TS2,4445.98892752711
125,3780.8772020034958,B2_O_L2_ST_E_0.2_1.0_TS3,671.6359629366625,B2_O_L2_ST_E_0.2_1.0_TS3,4452.513164940158
140,3781.477710566335,B2_O_L2_ST_W_0.2_1.0_TS2,672.0348691930777,B2_O_L2_ST_W_0.2_1.0_TS2,4453.512579759413
145,3780.0636500715627,B2_O_L2_ST_W_0.6_1.0_TS3,690.5706425954967,B2_O_L2_ST_W_0.6_1.0_TS3,4470.6342926670595
129,3778.1192371452685,B2_O_L2_ST_E_0.6_1.0_TS3,693.8779521617926,B2_O_L2_ST_E_0.6_1.0_TS3,4471.9971893070615
0,3795.7686069278056,B2_O_L2_Base_S_0.12_5.9_TS1,681.1436622854687,B2_O_L2_Base_S_0.12_5.9_TS1,4476.912269213274
124,3816.0857665426024,B2_O_L2_ST_E_0.2_1.0_TS2,667.4199544979875,B2_O_L2_ST_E_0.2_1.0_TS2,4483.50572104059
136,3794.6606097789204,B2_O_L2_ST_S_0.6_1.0_TS2,699.9499371217902,B2_O_L2_ST_S_0.6_1.0_TS2,4494.610546900711
133,3808.282849559428,B2_O_L2_ST_S_0.2_1.0_TS3,690.7584697409385,B2_O_L2_ST_S_0.2_1.0_TS3,4499.041319300367
132,3839.7613836901214,B2_O_L2_ST_S_0.2_1.0_TS2,686.7899391928797,B2_O_L2_ST_S_0.2_1.0_TS2,4526.551322883001
144,3847.3811852223303,B2_O_L2_ST_W_0.6_1.0_TS2,681.5843889919679,B2_O_L2_ST_W_0.6_1.0_TS2,4528.965574214299
128,3857.483598011553,B2_O_L2_ST_E_0.6_1.0_TS2,683.833481236747,B2_O_L2_ST_E_0.6_1.0_TS2,4541.3170792483
65,5309.032217652191,B2_R_L2_DS_E_0.6_1.0_TS2,677.5985829361874,B2_R_L2_DS_E_0.6_1.0_TS2,5986.630800588378
64,5308.827212690398,B2_R_L2_DS_E_0.6_0.8_TS2,678.1261202566235,B2_R_L2_DS_E_0.6_0.8_TS2,5986.953332947021
73,5310.053324344875,B2_R_L2_DS_W_0.6_1.0_TS2,690.3853045625701,B2_R_L2_DS_W_0.6_1.0_TS2,6000.4386289074455
72,5310.612789166524,B2_R_L2_DS_W_0.6_0.8_TS2,690.0948535848819,B2_R_L2_DS_W_0.6_0.8_TS2,6000.707642751406
63,5404.671244569589,B2_R_L2_DS_E_0.2_1.0_TS2,633.2098468345415,B2_R_L2_DS_E_0.2_1.0_TS2,6037.8810914041305
62,5368.739080004165,B2_R_L2_DS_E_0.2_0.8_TS2,669.1692285041678,B2_R_L2_DS_E_0.2_0.8_TS2,6037.908308508333
70,5354.855489615936,B2_R_L2_DS_W_0.2_0.8_TS2,692.9628403823265,B2_R_L2_DS_W_0.2_0.8_TS2,6047.818329998262
46,5300.28671160895,B2_R_L2_DG_W_0.6_0.8_TS2,748.0133625580512,B2_R_L2_DG_W_0.6_0.8_TS2,6048.300074167001
71,5387.679054831953,B2_R_L2_DS_W_0.2_1.0_TS2,667.1950975452446,B2_R_L2_DS_W_0.2_1.0_TS2,6054.874152377198
30,5316.0211030561595,B2_R_L2_DG_E_0.6_0.8_TS2,756.9350971352226,B2_R_L2_DG_E_0.6_0.8_TS2,6072.956200191382
47,5262.744885176278,B2_R_L2_DG_W_0.6_0.8_TS3,810.4076167436614,B2_R_L2_DG_W_0.6_0.8_TS3,6073.15250191994
48,5334.153635641884,B2_R_L2_DG_W_0.6_1.0_TS2,739.8560272510888,B2_R_L2_DG_W_0.6_1.0_TS2,6074.009662892972
26,5466.646959644526,B2_R_L2_DG_E_0.2_0.8_TS2,610.2062438829029,B2_R_L2_DG_E_0.2_0.8_TS2,6076.853203527428
42,5447.277205229574,B2_R_L2_DG_W_0.2_0.8_TS2,630.3286779863666,B2_R_L2_DG_W_0.2_0.8_TS2,6077.605883215941
27,5422.9929133420665,B2_R_L2_DG_E_0.2_0.8_TS3,659.3571705744283,B2_R_L2_DG_E_0.2_0.8_TS3,6082.350083916494
43,5401.816633623747,B2_R_L2_DG_W_0.2_0.8_TS3,682.3647071093626,B2_R_L2_DG_W_0.2_0.8_TS3,6084.18134073311
44,5457.824158393492,B2_R_L2_DG_W_0.2_1.0_TS2,628.7207529213591,B2_R_L2_DG_W_0.2_1.0_TS2,6086.544911314852
28,5478.9540667602405,B2_R_L2_DG_E_0.2_1.0_TS2,608.1164556539142,B2_R_L2_DG_E_0.2_1.0_TS2,6087.070522414155
29,5435.232496837476,B2_R_L2_DG_E_0.2_1.0_TS3,657.1605330703807,B2_R_L2_DG_E_0.2_1.0_TS3,6092.3930299078565
45,5413.4723454826135,B2_R_L2_DG_W_0.2_1.0_TS3,680.5032727718474,B2_R_L2_DG_W_0.2_1.0_TS3,6093.975618254461
32,5346.401813488723,B2_R_L2_DG_E_0.6_1.0_TS2,747.580405168754,B2_R_L2_DG_E_0.6_1.0_TS2,6093.982218657477
49,5295.5982683667735,B2_R_L2_DG_W_0.6_1.0_TS3,803.5290436744309,B2_R_L2_DG_W_0.6_1.0_TS3,6099.127312041204
38,5266.8517494020925,B2_R_L2_DG_S_0.6_0.8_TS2,832.9689230418898,B2_R_L2_DG_S_0.6_0.8_TS2,6099.820672443982
31,5274.734856965363,B2_R_L2_DG_E_0.6_0.8_TS3,825.7766819731053,B2_R_L2_DG_E_0.6_0.8_TS3,6100.511538938468
68,5398.59260507551,B2_R_L2_DS_S_0.6_0.8_TS2,718.1813316042212,B2_R_L2_DS_S_0.6_0.8_TS2,6116.7739366797305
69,5400.037044809291,B2_R_L2_DS_S_0.6_1.0_TS2,718.5209739562663,B2_R_L2_DS_S_0.6_1.0_TS2,6118.558018765557
40,5298.435516513081,B2_R_L2_DG_S_0.6_1.0_TS2,822.5504124866713,B2_R_L2_DG_S_0.6_1.0_TS2,6120.985928999752
33,5310.85287015097,B2_R_L2_DG_E_0.6_1.0_TS3,815.4612916298075,B2_R_L2_DG_E_0.6_1.0_TS3,6126.314161780778
158,5320.258327659854,B2_R_L2_ST_S_0.6_0.8_TS2,811.1760296855542,B2_R_L2_ST_S_0.6_0.8_TS2,6131.434357345409
166,5374.804158493753,B2_R_L2_ST_W_0.6_0.8_TS2,757.7738674136717,B2_R_L2_ST_W_0.6_0.8_TS2,6132.5780259074245
39,5230.69209831851,B2_R_L2_DG_S_0.6_0.8_TS3,904.7569249400984,B2_R_L2_DG_S_0.6_0.8_TS3,6135.449023258609
150,5386.857547862794,B2_R_L2_ST_E_0.6_0.8_TS2,749.2249525335009,B2_R_L2_ST_E_0.6_0.8_TS2,6136.082500396295
151,5371.641611218826,B2_R_L2_ST_E_0.6_0.8_TS3,766.7361938562282,B2_R_L2_ST_E_0.6_0.8_TS3,6138.377805075054
163,5393.298620314654,B2_R_L2_ST_W_0.2_0.8_TS3,750.433905701777,B2_R_L2_ST_W_0.2_0.8_TS3,6143.732526016431
162,5402.27639963905,B2_R_L2_ST_W_0.2_0.8_TS2,741.9546058680654,B2_R_L2_ST_W_0.2_0.8_TS2,6144.231005507116
167,5369.734729736033,B2_R_L2_ST_W_0.6_0.8_TS3,778.3274958916742,B2_R_L2_ST_W_0.6_0.8_TS3,6148.062225627707
147,5416.23425737772,B2_R_L2_ST_E_0.2_0.8_TS3,731.8368761427001,B2_R_L2_ST_E_0.2_0.8_TS3,6148.07113352042
146,5427.8643934194015,B2_R_L2_ST_E_0.2_0.8_TS2,722.6610720695375,B2_R_L2_ST_E_0.2_0.8_TS2,6150.525465488939
41,5263.567564502221,B2_R_L2_DG_S_0.6_1.0_TS3,893.6838955092028,B2_R_L2_DG_S_0.6_1.0_TS3,6157.251460011424
159,5326.233912648648,B2_R_L2_ST_S_0.6_0.8_TS3,834.6205579331643,B2_R_L2_ST_S_0.6_0.8_TS3,6160.854470581812
66,5443.983844823255,B2_R_L2_DS_S_0.2_0.8_TS2,718.941675709643,B2_R_L2_DS_S_0.2_0.8_TS2,6162.925520532898
34,5526.580528912568,B2_R_L2_DG_S_0.2_0.8_TS2,660.3165116870936,B2_R_L2_DG_S_0.2_0.8_TS2,6186.8970405996615
67,5501.8532463330785,B2_R_L2_DS_S_0.2_1.0_TS2,685.0777356534912,B2_R_L2_DS_S_0.2_1.0_TS2,6186.930981986569
119,5315.540341587025,B2_R_L2_MW_W_0.6_0.8_TS3,876.6974789108664,B2_R_L2_MW_W_0.6_0.8_TS3,6192.237820497891
35,5481.260314318707,B2_R_L2_DG_S_0.2_0.8_TS3,714.6536014557673,B2_R_L2_DG_S_0.2_0.8_TS3,6195.913915774474
36,5537.973115634654,B2_R_L2_DG_S_0.2_1.0_TS2,658.2512455642664,B2_R_L2_DG_S_0.2_1.0_TS2,6196.224361198921
149,5521.693586822249,B2_R_L2_ST_E_0.2_1.0_TS3,684.4453203062766,B2_R_L2_ST_E_0.2_1.0_TS3,6206.138907128526
37,5494.380107198104,B2_R_L2_DG_S_0.2_1.0_TS3,711.9765284406411,B2_R_L2_DG_S_0.2_1.0_TS3,6206.3566356387455
148,5535.633233594132,B2_R_L2_ST_E_0.2_1.0_TS2,674.2216812183276,B2_R_L2_ST_E_0.2_1.0_TS2,6209.85491481246
165,5497.428454353778,B2_R_L2_ST_W_0.2_1.0_TS3,715.2710297401205,B2_R_L2_ST_W_0.2_1.0_TS3,6212.699484093899
164,5509.092046308231,B2_R_L2_ST_W_0.2_1.0_TS2,704.3590123137749,B2_R_L2_ST_W_0.2_1.0_TS2,6213.451058622006
115,5465.124109687007,B2_R_L2_MW_W_0.2_0.8_TS3,755.4387367494336,B2_R_L2_MW_W_0.2_0.8_TS3,6220.562846436441
111,5291.012773440702,B2_R_L2_MW_S_0.6_0.8_TS3,931.3997661325894,B2_R_L2_MW_S_0.6_0.8_TS3,6222.412539573292
121,5399.960838416593,B2_R_L2_MW_W_0.6_1.0_TS3,822.8378840904838,B2_R_L2_MW_W_0.6_1.0_TS3,6222.798722507077
110,5229.718304276619,B2_R_L2_MW_S_0.6_0.8_TS2,995.1931475498725,B2_R_L2_MW_S_0.6_0.8_TS2,6224.911451826491
117,5495.799327000971,B2_R_L2_MW_W_0.2_1.0_TS3,736.1541608777667,B2_R_L2_MW_W_0.2_1.0_TS3,6231.953487878738
103,5329.754111842247,B2_R_L2_MW_E_0.6_0.8_TS3,902.7731607324748,B2_R_L2_MW_E_0.6_0.8_TS3,6232.527272574722
114,5469.699617748463,B2_R_L2_MW_W_0.2_0.8_TS2,768.6590573795896,B2_R_L2_MW_W_0.2_0.8_TS2,6238.358675128053
116,5504.684476391059,B2_R_L2_MW_W_0.2_1.0_TS2,735.2611751171273,B2_R_L2_MW_W_0.2_1.0_TS2,6239.9456515081865
118,5309.5844538453275,B2_R_L2_MW_W_0.6_0.8_TS2,932.2027195619006,B2_R_L2_MW_W_0.6_0.8_TS2,6241.787173407228
120,5415.690209755737,B2_R_L2_MW_W_0.6_1.0_TS2,826.2467492350919,B2_R_L2_MW_W_0.6_1.0_TS2,6241.936958990828
99,5485.442344530206,B2_R_L2_MW_E_0.2_0.8_TS3,759.3861700652263,B2_R_L2_MW_E_0.2_0.8_TS3,6244.828514595432
100,5522.06154745431,B2_R_L2_MW_E_0.2_1.0_TS2,725.2369059735059,B2_R_L2_MW_E_0.2_1.0_TS2,6247.298453427816
101,5516.331176314592,B2_R_L2_MW_E_0.2_1.0_TS3,732.4471936571477,B2_R_L2_MW_E_0.2_1.0_TS3,6248.77836997174
154,5460.9456425036715,B2_R_L2_ST_S_0.2_0.8_TS2,789.3276791104075,B2_R_L2_ST_S_0.2_0.8_TS2,6250.273321614079
155,5450.910353339182,B2_R_L2_ST_S_0.2_0.8_TS3,799.7706616093126,B2_R_L2_ST_S_0.2_0.8_TS3,6250.6810149484945
98,5486.428424453996,B2_R_L2_MW_E_0.2_0.8_TS2,767.5303799322372,B2_R_L2_MW_E_0.2_0.8_TS2,6253.958804386233
105,5417.931249921161,B2_R_L2_MW_E_0.6_1.0_TS3,836.8660542422399,B2_R_L2_MW_E_0.6_1.0_TS3,6254.797304163401
112,5388.037518778683,B2_R_L2_MW_S_0.6_1.0_TS2,872.300201026009,B2_R_L2_MW_S_0.6_1.0_TS2,6260.337719804692
104,5432.465743520285,B2_R_L2_MW_E_0.6_1.0_TS2,829.9699257363761,B2_R_L2_MW_E_0.6_1.0_TS2,6262.435669256662
152,5546.442778605694,B2_R_L2_ST_E_0.6_1.0_TS2,723.1578099876052,B2_R_L2_ST_E_0.6_1.0_TS2,6269.600588593299
168,5536.596065333884,B2_R_L2_ST_W_0.6_1.0_TS2,733.7501759539362,B2_R_L2_ST_W_0.6_1.0_TS2,6270.346241287821
153,5524.47627903351,B2_R_L2_ST_E_0.6_1.0_TS3,747.8461685834901,B2_R_L2_ST_E_0.6_1.0_TS3,6272.322447617
169,5521.010226372793,B2_R_L2_ST_W_0.6_1.0_TS3,759.8233300149294,B2_R_L2_ST_W_0.6_1.0_TS3,6280.833556387723
102,5328.108488088701,B2_R_L2_MW_E_0.6_0.8_TS2,956.6538339119135,B2_R_L2_MW_E_0.6_0.8_TS2,6284.762322000614
113,5405.885197919678,B2_R_L2_MW_S_0.6_1.0_TS3,882.6661020772365,B2_R_L2_MW_S_0.6_1.0_TS3,6288.551299996914
160,5513.24268849599,B2_R_L2_ST_S_0.6_1.0_TS2,782.5426814980866,B2_R_L2_ST_S_0.6_1.0_TS2,6295.785369994076
107,5496.168741786106,B2_R_L2_MW_S_0.2_0.8_TS3,801.944424604329,B2_R_L2_MW_S_0.2_0.8_TS3,6298.113166390434
106,5482.319096856814,B2_R_L2_MW_S_0.2_0.8_TS2,819.6043984600154,B2_R_L2_MW_S_0.2_0.8_TS2,6301.92349531683
108,5536.578324309808,B2_R_L2_MW_S_0.2_1.0_TS2,777.3435678045909,B2_R_L2_MW_S_0.2_1.0_TS2,6313.921892114398
161,5503.783104053149,B2_R_L2_ST_S_0.6_1.0_TS3,811.7072710328704,B2_R_L2_ST_S_0.6_1.0_TS3,6315.490375086019
109,5539.725574680541,B2_R_L2_MW_S_0.2_1.0_TS3,787.6424754400101,B2_R_L2_MW_S_0.2_1.0_TS3,6327.368050120552
1,5608.54699886231,B2_R_L2_Base_S_0.12_5.9_TS1,730.2667632680814,B2_R_L2_Base_S_0.12_5.9_TS1,6338.813762130391
157,5589.1493245642605,B2_R_L2_ST_S_0.2_1.0_TS3,752.6982167615249,B2_R_L2_ST_S_0.2_1.0_TS3,6341.847541325786
156,5601.521068840756,B2_R_L2_ST_S_0.2_1.0_TS2,740.7141307738208,B2_R_L2_ST_S_0.2_1.0_TS2,6342.235199614577
